block_number;block_timestamp;block_hash;transaction_hash;transaction_index;log_index;value;contract_type;transaction_type;token_address;token_id;from_address;to_address;amount;verified;operator
14410171;2022-03-18T11:34:45.000Z;0xb20718a5a66f9b80e0b693e64628028557a506a791575a2ee8416797b97790ad;0x5cb6d1fc2311cd8c332eca3233de21cf24d6834323b666ec23e2d6f5a770875f;230;320;16490000000000000000;ERC721;Single;0xa3aee8bce55beea1951ef834b99f3ac60d1abeeb;2878;0x77fa1aa2d628bf1456ccd6ab4d45b78672500366;0x393ea3504997a3b2b428a4ad326507d2fbc6df4c;1;1;
14409863;2022-03-18T10:27:58.000Z;0xb4e3dbd0990860dbe0173f569c4842325ec50294b6521329d2723228cf753549;0x17e9a1365031c444a6c36acff41b7a3011ddeae69bd7da9a8e1a65d6969af2ca;144;201;0;ERC721;Single;0xa3aee8bce55beea1951ef834b99f3ac60d1abeeb;6202;0xedbc7d68195a411d5c6a32d3bd93703880ad7692;0x8e4e2cb1f2538878c60923bbf2964a2e89cf8a52;1;1;
14409622;2022-03-18T09:27:22.000Z;0xe86451d5e3997b91b9c8f8208fce1ecf5edf4487ea366dd9c00ea90572648502;0xb20c745497c6168733ce5eac2fc140413560328701e00bead0668a934b928c1f;180;351;0;ERC721;Single;0xa3aee8bce55beea1951ef834b99f3ac60d1abeeb;6201;0xf7a5dfe1043ea5d6ca4b78c2862f7c752b16eab7;0x368dc725d38d11c506547f79c19891d3eb72a84d;1;1;
14409595;2022-03-18T09:19:52.000Z;0xadd9dba11d4d36e761c3ca3ddacec62d6a3358ed9bc17601283195ae082c20d4;0x209dd2564f7d9370e0954058f03d64ec3da98564c79f33843326590ca172933c;124;191;0;ERC721;Single;0xa3aee8bce55beea1951ef834b99f3ac60d1abeeb;6201;0x368dc725d38d11c506547f79c19891d3eb72a84d;0xf7a5dfe1043ea5d6ca4b78c2862f7c752b16eab7;1;1;
14409586;2022-03-18T09:17:13.000Z;0x60a5c0f9d58ebe18bd89217f74087707ea0a203c50c3e3b01eeddd5c683f2c92;0x7127aac758519be396ab6eb0d15defebd6d1c14585e822447d81abdfd15713d1;149;87;0;ERC721;Single;0xa3aee8bce55beea1951ef834b99f3ac60d1abeeb;6201;0x6e9cf4d26d67fe00b1e5e87a3e7d6b6c43e9170f;0x368dc725d38d11c506547f79c19891d3eb72a84d;1;1;
14409544;2022-03-18T09:10:48.000Z;0x40410bb7451678a69ef83dc21494387bfac5a38ac509ed6a8358361869c9edb8;0xe93d343147fed48545c7e29ad943eaa0eefda4a657bdc2dda02f08786361c3ec;80;125;15490000000000000000;ERC721;Single;0xa3aee8bce55beea1951ef834b99f3ac60d1abeeb;6201;0x4ae51f105e4777fd204e860594eb0880db27e01b;0x6e9cf4d26d67fe00b1e5e87a3e7d6b6c43e9170f;1;1;
14408903;2022-03-18T06:52:23.000Z;0xe9911537c05bc782f3be4c02054a54379150c9d1c7eadc95688ff8874c8e753f;0x5cce0bca22f961e2a16930af748a961e813a6148bc052e0060dd7ba5cd6bc86a;57;58;17950000000000000000;ERC721;Single;0xa3aee8bce55beea1951ef834b99f3ac60d1abeeb;4903;0x3cd3bf7db26df10ff229fe8f8650bb9f8d05f103;0xe77610bacf43c580044ad47e4c5c7e0de64f75a4;1;1;
14408308;2022-03-18T04:41:34.000Z;0xc7b7cdac843b2e4498f75b242698185b4e5dee8642b394b0e378801db94d7ca5;0x9b39fd6ae3787a29e8c753c3d7509d75d48546c7c90cca35f792460ec8141e5c;33;36;0;ERC721;Single;0xa3aee8bce55beea1951ef834b99f3ac60d1abeeb;8718;0x88341d1a8f672d2780c8dc725902aae72f143b0c;0x1cca677e0e1fa47ad46a998cf2fe6cd0222428cb;1;1;
14407965;2022-03-18T03:27:36.000Z;0x2c7150cc3ae43534aace8035c16eb8a68bffb1d2f443eb49402c26dde6b65b5c;0xdf0c742512c2dd4185f72b31788c606f56a58b8894a7dc036b8c7b0b7166b41c;245;270;21500000000000000000;ERC721;Single;0xa3aee8bce55beea1951ef834b99f3ac60d1abeeb;814;0xc49e8918ce75751d2fd072c185a489c375a3510a;0x6858992db8200c787347f2360e1fc235f4246fed;1;1;
14407595;2022-03-18T02:03:35.000Z;0x89eed5c8365b6069414316e1c0cb3fa95d48ead39ee2d1cdaf414c7151f0c8b5;0xd20c9dbb0b202ab65d3a465b417dd21472dd6da58d0ea29dd0d8f47adf669450;122;194;0;ERC721;Single;0xa3aee8bce55beea1951ef834b99f3ac60d1abeeb;1580;0xb1584a8b7a32fe4573faf3bc8013dbb3d9ae16a5;0x88341d1a8f672d2780c8dc725902aae72f143b0c;1;1;
14407487;2022-03-18T01:35:33.000Z;0x272576e95f952b845bfe8e5fc9996c23683f01a614bb8ac68b38a5ac9046863c;0x46d150909f91343eb9e3769feaeb58a54430c5513f41d6f1e7642134f98a0eb4;354;367;0;ERC721;Single;0xa3aee8bce55beea1951ef834b99f3ac60d1abeeb;9215;0x88341d1a8f672d2780c8dc725902aae72f143b0c;0x9f1f7957c0456157485a0fc433a5f86403055432;1;1;
14406598;2022-03-17T22:12:23.000Z;0xd0f7ebbdca27374a148e12b62a769845417bf8e4a2cf9183652a5ec44689ba51;0xd84224a4a5c4046d8ed7368050e1366d66f9c4a9d9f48f774bfa8ae91ce1aed5;196;362;0;ERC721;Single;0xa3aee8bce55beea1951ef834b99f3ac60d1abeeb;3728;0x88341d1a8f672d2780c8dc725902aae72f143b0c;0x0aff497bd016000185b1c8302fa98a88ff4a4178;1;1;
14406545;2022-03-17T22:00:06.000Z;0xc071e8435e79dee72d21485f716531d563dd32a9b3f4fdddb81335d60021cd58;0x84f664f774ba408c5a800d3fde9450a7ce0384a784f53023908e4026d7ecbf6b;177;287;0;ERC721;Single;0xa3aee8bce55beea1951ef834b99f3ac60d1abeeb;2770;0x9c29fe578e4f8dd4dbb01aeefc80d39a9afd7c9d;0x2a9f80a74752d3bb5f9139b0617994591be13d4b;1;1;
14406496;2022-03-17T21:47:54.000Z;0x4f37ef54d1bad5fc09aada475a6eaa21d5bda1d263bc2fa46218b59a5124a4a1;0x0642f5ab7350e5f877465469abd15b33f04ca7c1cd778edaadbbb36472c4cc7e;25;30;0;ERC721;Single;0xa3aee8bce55beea1951ef834b99f3ac60d1abeeb;3664;0xe953901b87d98b7a7b626837a92cabdc978772b7;0xe9581fb58eb6fdcbd45fcba793149bab6b0e0c4b;1;1;
14406007;2022-03-17T19:58:49.000Z;0x618dc223b2b307182e1121fcc2becd493c1aece348f54260387c3069188e3cb5;0xf5c64088d3821100ff7df1321320c6dd7d83ae7cab3ac65e7ffda0202e8195f7;125;234;16750000000000000000;ERC721;Single;0xa3aee8bce55beea1951ef834b99f3ac60d1abeeb;7295;0x2efd1cd55ee5c0788cbf2a166ea0884e07849a5e;0xe165fb76cc2a7daeb3ef7a3e633983f4baeb8883;1;1;
14405923;2022-03-17T19:39:33.000Z;0x62e90676e2a36df3af005de93d2f60ee5d6f1e3dec99dbae9621c96c89989ff1;0x461636d3aea1ce51cac5706f5a649aa600208a621ac4553934d11a85af8aec1b;20;62;0;ERC721;Single;0xa3aee8bce55beea1951ef834b99f3ac60d1abeeb;4762;0x716cf88ab10e2d5c731dc342a2389982aca497c6;0x20c1cd5c2ca77bee95281e6a798fbfbfab514738;1;1;
14405915;2022-03-17T19:36:43.000Z;0xb2ad6c33abbf0c187c0351497ca965cc86e923f5ebfbe94ee5faa8cb952c1822;0xc8af7858a86224dc9a9aa1d5452b9ec70ac52831715adedf295e9f8b48559ae0;277;392;19990000000000000000;ERC721;Single;0xa3aee8bce55beea1951ef834b99f3ac60d1abeeb;4762;0x8943519d40b2c2e9f40d9d4aba8ce6b1a4ae31b0;0x716cf88ab10e2d5c731dc342a2389982aca497c6;1;1;
14405906;2022-03-17T19:35:14.000Z;0xdb10b0836ec7dd7cc3c473f33c59e03a57a820e9b93c5aa97d49601698197faa;0x2dc1269e86194d26f9e29627b49f287c979dd76c0c0741af232ac4e636a97e8f;147;131;0;ERC721;Single;0xa3aee8bce55beea1951ef834b99f3ac60d1abeeb;59;0x716cf88ab10e2d5c731dc342a2389982aca497c6;0x20c1cd5c2ca77bee95281e6a798fbfbfab514738;1;1;
14405895;2022-03-17T19:32:30.000Z;0x6553bc8b7e32975a73c315b7f3d40e5a0a3867f0aecace03e77c18960d0c9249;0x17213f05e78a2e24d825d17b848071921fe8759e4bd90ced995bdc44145165c9;24;56;20900000000000000000;ERC721;Single;0xa3aee8bce55beea1951ef834b99f3ac60d1abeeb;59;0xc5bbabe18381f2a3a74038abcfaca0000a13e088;0x716cf88ab10e2d5c731dc342a2389982aca497c6;1;1;
14405722;2022-03-17T18:52:33.000Z;0xf9bac871bfa1e0a0605893666f347d40de79560da1dfc4507c486c4462ecefe5;0x2a11dd484dc82260b9cfac5e04005875799fcfa7ab8ee0edbabd4ce3c23fdb39;100;104;16000000000000000000;ERC721;Single;0xa3aee8bce55beea1951ef834b99f3ac60d1abeeb;6202;0x354547a4fcd1f4a95062cc222cbbb2ad9e674410;0xedbc7d68195a411d5c6a32d3bd93703880ad7692;1;1;
14405673;2022-03-17T18:43:31.000Z;0x17201b69bd8ec4bc5976e101a695a581c0f9703bf550d79719dca7cd45ec64dc;0xdcf72e6b1ef6857174164a9351a5e6777e4dfc248e0ab38943af494000b493c4;234;265;15500000000000000000;ERC721;Single;0xa3aee8bce55beea1951ef834b99f3ac60d1abeeb;6644;0x093041c0020d3663d516e7d406dff1a4b328e61e;0x6147ce9d03895f9157bbbc95d197a58ea1ce7b33;1;1;
14405657;2022-03-17T18:38:58.000Z;0xfeb5bc5bb64a7119190877bfc77be01a51b51b0d897ef7f720f11ff3675730c4;0xa88da7c1e82a4093fdc2f11f2868c9c9a4b702d361933054798454f8cd6093a5;120;130;21850000000000000000;ERC721;Single;0xa3aee8bce55beea1951ef834b99f3ac60d1abeeb;6227;0x354547a4fcd1f4a95062cc222cbbb2ad9e674410;0xd8e70983780f3c0c0042626ec364a6e7eb151dc1;1;1;
14405081;2022-03-17T16:25:55.000Z;0x2bd7d59a8957f32be2dc5e16f43cc475ccb311073aa5ea6070979bed0a58c15d;0x66d287870d55576b42d0e969e712d6a2eb06ca580d1ddbe858a9ee7c6ee0c635;35;48;0;ERC721;Single;0xa3aee8bce55beea1951ef834b99f3ac60d1abeeb;5196;0xec8ce3c314814373aeb4af1e8efe4f0a4c46226a;0x30854c69c2b6d659a9a2d988a5b829a05ebf8f0d;1;1;
14404991;2022-03-17T16:02:09.000Z;0xfcbb90fef9a70d1e1d877230e81abf669f0f7275adc79fce9b05896b4c54466f;0x8ae85c60d8672a593ae77b7cf92270d421f5678aef06bf6da863ea8d447693d5;145;380;16350000000000000000;ERC721;Single;0xa3aee8bce55beea1951ef834b99f3ac60d1abeeb;951;0xd6fd89cfac92e544eb44f0e018572a557fbf256e;0x7070269c39de76a69713dcf4b7333117c4deace8;1;1;
14404802;2022-03-17T15:17:50.000Z;0x1971a73b9d637d2a70f6f42deccd8052f57e4377d3f6652b93383612c7a7ab66;0xae057ab19fc6fc73a8a712ae942f54e1efbe78eb85d50560bbae8f2111b69895;205;346;35000000000000000000;ERC721;Single;0xa3aee8bce55beea1951ef834b99f3ac60d1abeeb;2807;0x383062638dd6f71cdf72ba65c1806ce0c43ca982;0xb6f1afbb4c47a88842d14a6130cac416ad1daa4d;1;1;
14404503;2022-03-17T14:15:43.000Z;0x2ebcc29f3f766bdcf4394b098f3055ec9345a3d7c146eaf13f52f6032635a647;0x4cb730703b3c9074249c44f89904cb1414580755c7d6df0eba121e0fadb7537c;165;92;0;ERC721;Single;0xa3aee8bce55beea1951ef834b99f3ac60d1abeeb;6644;0xd2e760420fb9971274c10ab22d2ea9c59be322f7;0x093041c0020d3663d516e7d406dff1a4b328e61e;1;1;
14404386;2022-03-17T13:48:39.000Z;0xda5d7654abd3e2f099a6cce408f6d6d845e976a4559d5099e12b875cc3b765f8;0xdf9a73da0d98c2e677a845b71cfc88e9f1c7c7022875a9b958774eb8377fda68;261;362;19990000000000000000;ERC721;Single;0xa3aee8bce55beea1951ef834b99f3ac60d1abeeb;4963;0xc5d552dbbb63ee9d4043818d73ea41b3b56417b9;0x3d3f22770fe570ccab63c280c2e6702087735675;1;1;
14403744;2022-03-17T11:28:12.000Z;0xb8c29bfb3eb9929e2d4c7d05d82e53391693a0e0dfe7e6098b254e6500166768;0x56fca7c2f65095b7fbb3e46808d2383596d0a77e338fd6fe1fb3e036e435371f;210;280;0;ERC721;Single;0xa3aee8bce55beea1951ef834b99f3ac60d1abeeb;5004;0x0dc3edf769f34962bbda01ebef4f700287f51e9d;0xc453317dd189f97c8d5a170514136260bc5e435f;1;1;
14402602;2022-03-17T07:16:30.000Z;0xd81216c5b3d2acdbb71d92bc1a10e9d34d262327ef84339bab89ef02f5a9d9c3;0x9aa094a2c16125ca5546a11bc48e19c016889d1ac95beb0f64adc4653095c049;206;169;0;ERC721;Single;0xa3aee8bce55beea1951ef834b99f3ac60d1abeeb;4238;0x33bb1d9df6c755489ca73203a69dc8732dccc510;0x7d6bb5bbc5265c0b791fc39bba54c079313af13a;1;1;
14402364;2022-03-17T06:21:39.000Z;0xf6be4ff76e55a07a109ec5895d4debc87930f34d43611f8a258ba4d5f4795032;0x30f3070f1d5372a718afa37417fa1b599f0eceb795cf8209d6406594ceb29373;62;146;16500000000000000000;ERC721;Single;0xa3aee8bce55beea1951ef834b99f3ac60d1abeeb;7948;0x352ca69404de7c0500eebe1f4689ca418f8363b7;0xbcef395a06e0fe73e373b16069eeee127f206894;1;1;
14402231;2022-03-17T05:47:39.000Z;0x5ee5781d64ff1aee030739b7bbd60bfabb82c5aebf8ff17bbf8b50b6485fb52a;0x87fcee66a18ce7f03349bd788fd0316cac58d4e6c352b5b7a6e73ef8557f9351;76;92;5000000000000000;ERC721;Single;0xa3aee8bce55beea1951ef834b99f3ac60d1abeeb;6230;0xb7905247daa1e10cf2ebc70a47dcff5fdd498b40;0x354547a4fcd1f4a95062cc222cbbb2ad9e674410;1;1;
14402231;2022-03-17T05:47:39.000Z;0x5ee5781d64ff1aee030739b7bbd60bfabb82c5aebf8ff17bbf8b50b6485fb52a;0x87fcee66a18ce7f03349bd788fd0316cac58d4e6c352b5b7a6e73ef8557f9351;76;90;5000000000000000;ERC721;Single;0xa3aee8bce55beea1951ef834b99f3ac60d1abeeb;6229;0xb7905247daa1e10cf2ebc70a47dcff5fdd498b40;0x354547a4fcd1f4a95062cc222cbbb2ad9e674410;1;1;
14402231;2022-03-17T05:47:39.000Z;0x5ee5781d64ff1aee030739b7bbd60bfabb82c5aebf8ff17bbf8b50b6485fb52a;0x87fcee66a18ce7f03349bd788fd0316cac58d4e6c352b5b7a6e73ef8557f9351;76;88;5000000000000000;ERC721;Single;0xa3aee8bce55beea1951ef834b99f3ac60d1abeeb;6227;0xb7905247daa1e10cf2ebc70a47dcff5fdd498b40;0x354547a4fcd1f4a95062cc222cbbb2ad9e674410;1;1;
14402231;2022-03-17T05:47:39.000Z;0x5ee5781d64ff1aee030739b7bbd60bfabb82c5aebf8ff17bbf8b50b6485fb52a;0x87fcee66a18ce7f03349bd788fd0316cac58d4e6c352b5b7a6e73ef8557f9351;76;86;5000000000000000;ERC721;Single;0xa3aee8bce55beea1951ef834b99f3ac60d1abeeb;6214;0xb7905247daa1e10cf2ebc70a47dcff5fdd498b40;0x354547a4fcd1f4a95062cc222cbbb2ad9e674410;1;1;
14402231;2022-03-17T05:47:39.000Z;0x5ee5781d64ff1aee030739b7bbd60bfabb82c5aebf8ff17bbf8b50b6485fb52a;0x87fcee66a18ce7f03349bd788fd0316cac58d4e6c352b5b7a6e73ef8557f9351;76;84;5000000000000000;ERC721;Single;0xa3aee8bce55beea1951ef834b99f3ac60d1abeeb;6202;0xb7905247daa1e10cf2ebc70a47dcff5fdd498b40;0x354547a4fcd1f4a95062cc222cbbb2ad9e674410;1;1;
14402231;2022-03-17T05:47:39.000Z;0x5ee5781d64ff1aee030739b7bbd60bfabb82c5aebf8ff17bbf8b50b6485fb52a;0x87fcee66a18ce7f03349bd788fd0316cac58d4e6c352b5b7a6e73ef8557f9351;76;82;5000000000000000;ERC721;Single;0xa3aee8bce55beea1951ef834b99f3ac60d1abeeb;6196;0xb7905247daa1e10cf2ebc70a47dcff5fdd498b40;0x354547a4fcd1f4a95062cc222cbbb2ad9e674410;1;1;
14402231;2022-03-17T05:47:39.000Z;0x5ee5781d64ff1aee030739b7bbd60bfabb82c5aebf8ff17bbf8b50b6485fb52a;0x87fcee66a18ce7f03349bd788fd0316cac58d4e6c352b5b7a6e73ef8557f9351;76;80;5000000000000000;ERC721;Single;0xa3aee8bce55beea1951ef834b99f3ac60d1abeeb;6192;0xb7905247daa1e10cf2ebc70a47dcff5fdd498b40;0x354547a4fcd1f4a95062cc222cbbb2ad9e674410;1;1;
14402231;2022-03-17T05:47:39.000Z;0x5ee5781d64ff1aee030739b7bbd60bfabb82c5aebf8ff17bbf8b50b6485fb52a;0x87fcee66a18ce7f03349bd788fd0316cac58d4e6c352b5b7a6e73ef8557f9351;76;78;5000000000000000;ERC721;Single;0xa3aee8bce55beea1951ef834b99f3ac60d1abeeb;6193;0xb7905247daa1e10cf2ebc70a47dcff5fdd498b40;0x354547a4fcd1f4a95062cc222cbbb2ad9e674410;1;1;
14402231;2022-03-17T05:47:39.000Z;0x5ee5781d64ff1aee030739b7bbd60bfabb82c5aebf8ff17bbf8b50b6485fb52a;0x87fcee66a18ce7f03349bd788fd0316cac58d4e6c352b5b7a6e73ef8557f9351;76;76;5000000000000000;ERC721;Single;0xa3aee8bce55beea1951ef834b99f3ac60d1abeeb;6191;0xb7905247daa1e10cf2ebc70a47dcff5fdd498b40;0x354547a4fcd1f4a95062cc222cbbb2ad9e674410;1;1;
14401625;2022-03-17T03:31:35.000Z;0x18e6f34fe1ef2726b429c74837a39008a6c4b60d4cdaa0a8ff1c0133b11f1a6d;0x9899f16344bad671095c2572bdaeb93180b86f8f4384c4ae145e77b739650e00;58;38;40655000000000000000;ERC721;Single;0xa3aee8bce55beea1951ef834b99f3ac60d1abeeb;482;0xc310e760778ecbca4c65b6c559874757a4c4ece0;0xa65a4f10f44717393fec99ab74c44c7fe963a73b;1;1;
14401615;2022-03-17T03:29:48.000Z;0xa3f18e93667d08e596e1743e76206f95f5b958f9252e4958467a2c60e41a24d8;0xb921322ac24613a4c79e3badc963896d84a24ae89e1c9f1899f881cbb22f2645;30;35;0;ERC721;Single;0xa3aee8bce55beea1951ef834b99f3ac60d1abeeb;9243;0x3cd3bf7db26df10ff229fe8f8650bb9f8d05f103;0xc837b15eba342c181040b6f1779d4840bacb1c4e;1;1;
14401589;2022-03-17T03:23:12.000Z;0xc8191ec880b0a6be328c78060c6eabdda14a6f015a92452a93cc98892e2672bc;0xf304fe01cb072c7a507c19a91b5c006a80153acb65c2dd3439ddf6dfc9792354;31;110;5000000000000000;ERC721;Single;0xa3aee8bce55beea1951ef834b99f3ac60d1abeeb;482;0x3cd3bf7db26df10ff229fe8f8650bb9f8d05f103;0xc310e760778ecbca4c65b6c559874757a4c4ece0;1;1;
14401095;2022-03-17T01:37:43.000Z;0x999909b7763d71fd7b65bd31b62e1d0ad530947cd0345d05bca3cdc7278ab3d6;0xcb3f97779364839964f754ecf61bd4fa02927b6167d1e7157e063de8ae9de7b3;44;119;18000000000000000000;ERC721;Single;0xa3aee8bce55beea1951ef834b99f3ac60d1abeeb;6813;0x76742f3a5853df8555f080174f2bb94a16926863;0xc465e7e866b9013d6b30477f00712f2fe8f3079f;1;1;
14401051;2022-03-17T01:29:09.000Z;0x14f6343a48f230997e870f731eb65983da5e3188ae13951e82661d3c8555f4c5;0x45f2e9b865855de0faa467c107448513493a7e45ac9a5155c8724b9cd3f8c93e;69;196;17200000000000000000;ERC721;Single;0xa3aee8bce55beea1951ef834b99f3ac60d1abeeb;9002;0xc1b4008432d3e12c3cff0f5ad515709a93d0d140;0x6fa0473b511c2232cfef15920bd9aca11a98e431;1;1;
14400908;2022-03-17T00:56:02.000Z;0xa1bc947083454d7fd00eac2df89d80d60b94ce89e8d9430c660d2179a81ce1f3;0xb436fe36e913cae81ca2f287e1fa74d4d28af97a3fef801f6069ff4f746246c7;45;59;0;ERC721;Single;0xa3aee8bce55beea1951ef834b99f3ac60d1abeeb;3270;0x6437fead962a1a1f30fb6be8c08ac9f0a904edaa;0x7472895a8f31acb070deefa8fd496d4a40e262b3;1;1;
14400506;2022-03-16T23:27:16.000Z;0xf7d3f2d798b4e2ea21f8f242bb1f6839be84ff0f88f29cb1b511d19491766549;0x52a40f80d0334947891bd8fea4c630c4e7d6cab7a9a35e440d3b81aa88b169d1;119;256;0;ERC721;Single;0xa3aee8bce55beea1951ef834b99f3ac60d1abeeb;3954;0x88341d1a8f672d2780c8dc725902aae72f143b0c;0x1cca677e0e1fa47ad46a998cf2fe6cd0222428cb;1;1;
14400485;2022-03-16T23:22:43.000Z;0x14268cd4b2c92bab1621d4062b78385839214e086cf7588f4bf1c81418197802;0xa84b6139e9fe8f56a002955b403104d78499a3c6e274480fbfe5a41d6bf5b0a6;113;143;0;ERC721;Single;0xa3aee8bce55beea1951ef834b99f3ac60d1abeeb;5782;0x1cca677e0e1fa47ad46a998cf2fe6cd0222428cb;0x88341d1a8f672d2780c8dc725902aae72f143b0c;1;1;
14400274;2022-03-16T22:32:56.000Z;0xadae8ae67939b13f6f756ee475042223db56bd8289e15df1224e64bffc9f08b3;0xbc8118c1e6c42648026904982a653af35c2bdb1f8618f2886bc09e5998e1b764;155;524;18650000000000000000;ERC721;Single;0xa3aee8bce55beea1951ef834b99f3ac60d1abeeb;1250;0x39daacdc097107cc8eabbcda0c28877f0de3a90e;0xbbc3a3daaecdae49d797b31865c2b38bbfa29f40;1;1;
14400230;2022-03-16T22:20:39.000Z;0xe4d3343e3a489c11522f805f3565efd52e7fda74f2f61638a8c709b8ec855453;0xcae434b25f968ed11495c0591ec57d0312e846d3517445d7a179fe56e4ddd8a8;117;354;0;ERC721;Single;0xa3aee8bce55beea1951ef834b99f3ac60d1abeeb;5566;0xf7c981847f579c4935dd9de58e3c9e6b1af68bba;0xfca4428751bcdd5b20e60bced4516e241b3f057a;1;1;
14399437;2022-03-16T19:16:58.000Z;0xd15f254323df75b2ff99605618c4654b852e78fd8276c94bf3096d39e5f6d3b7;0xe754357227e218f37829cb8783de35ac14f0393643e675aa578d8258711ad079;220;325;15800000000000000000;ERC721;Single;0xa3aee8bce55beea1951ef834b99f3ac60d1abeeb;4123;0x0dc3edf769f34962bbda01ebef4f700287f51e9d;0x407be9bc1d5860248b18b3b2c8224a64c856eb84;1;1;
14399393;2022-03-16T19:07:17.000Z;0x15d590e536316cec9e7ac9b7d082a501966ba172daa2bd3fbdc4c247d36a44f4;0xafc65ecdecde62ce742e4c525a39624a3ec98fa01023657bf2f7985a1d7a62b9;117;301;24000000000000000000;ERC721;Single;0xa3aee8bce55beea1951ef834b99f3ac60d1abeeb;2306;0xcaa78fd71185fb00b6dfce0405e2fde952f95340;0x736b195c02551de080e457f0ddf1fdff4b9c6847;1;1;
14399306;2022-03-16T18:44:01.000Z;0x6fbfcb52cb671c57ae5d50af7e812ca8f6d5741be9d1d5c3512186a392a2f674;0x82fecafe3d833235f2843f0a39ec5e614b279bada93047dfa29727b6cbc6373a;98;162;0;ERC721;Single;0xa3aee8bce55beea1951ef834b99f3ac60d1abeeb;3703;0xa5d4bd9b2ae6d18c487b9cc66325ca4e2961df77;0x2a30ebea1617b22ae12444d44f4da1138f515335;1;1;
14399279;2022-03-16T18:37:36.000Z;0x4657e871cf4b8495d97ed2941f69fe3db64ef3d9f027b8fb57105964ed152137;0x35374544f5b963d1e8fed8a2c54ec566f57a1107ab5c52fcfd14fc5f7423cd46;33;40;5000000000000000;ERC721;Single;0xa3aee8bce55beea1951ef834b99f3ac60d1abeeb;9293;0xa5d4bd9b2ae6d18c487b9cc66325ca4e2961df77;0x8d690a327b19e153be0151b3e9e167af41cc248b;1;1;
14399279;2022-03-16T18:37:36.000Z;0x4657e871cf4b8495d97ed2941f69fe3db64ef3d9f027b8fb57105964ed152137;0x35374544f5b963d1e8fed8a2c54ec566f57a1107ab5c52fcfd14fc5f7423cd46;33;38;5000000000000000;ERC721;Single;0xa3aee8bce55beea1951ef834b99f3ac60d1abeeb;4489;0xa5d4bd9b2ae6d18c487b9cc66325ca4e2961df77;0x8d690a327b19e153be0151b3e9e167af41cc248b;1;1;
14399279;2022-03-16T18:37:36.000Z;0x4657e871cf4b8495d97ed2941f69fe3db64ef3d9f027b8fb57105964ed152137;0x35374544f5b963d1e8fed8a2c54ec566f57a1107ab5c52fcfd14fc5f7423cd46;33;36;5000000000000000;ERC721;Single;0xa3aee8bce55beea1951ef834b99f3ac60d1abeeb;3703;0xc310e760778ecbca4c65b6c559874757a4c4ece0;0xa5d4bd9b2ae6d18c487b9cc66325ca4e2961df77;1;1;
14399247;2022-03-16T18:28:40.000Z;0x8f7b390f5283175ab93a23f5ea161285c205f3301c8737db47d1d6796ce495e7;0xa23b71e7b3681301bee5632d2b9079a30eb58dba4a8ac16b63a5e96c70338f32;83;106;30005000000000000000;ERC721;Single;0xa3aee8bce55beea1951ef834b99f3ac60d1abeeb;599;0xc310e760778ecbca4c65b6c559874757a4c4ece0;0xdd7158f10f832f4ee5df354754a874dc3c2a8459;1;1;
14399227;2022-03-16T18:24:29.000Z;0xed4d59b20e03c7f3020a12c531deed4068485e399610fea93e835c0818903d65;0x032549e538f7b26c86ed8516d55f5784a014a47d2be17d6e22219cf34fa43d91;74;75;5000000000000000;ERC721;Single;0xa3aee8bce55beea1951ef834b99f3ac60d1abeeb;599;0xa2201f091b2e8e5f8adaf8b023b99322b9ea5e66;0xc310e760778ecbca4c65b6c559874757a4c4ece0;1;1;
14398498;2022-03-16T15:41:35.000Z;0xca7b2881575e21566e94deee7b452f14f175f429d0e53349d6b3fe347688c32e;0x782fc67098ac4bd42d9854d2c2d93bb4c80e4165d182251e50cc5857a11e51ea;110;123;0;ERC721;Single;0xa3aee8bce55beea1951ef834b99f3ac60d1abeeb;4489;0x2a30ebea1617b22ae12444d44f4da1138f515335;0xa5d4bd9b2ae6d18c487b9cc66325ca4e2961df77;1;1;
14398490;2022-03-16T15:39:20.000Z;0x7e4d12fb4491c20c1fb53ae772ff17695868e26ce2860b03d8e9e90ef2d39b40;0xb09b890fc4fd3b2e9e6e89a3ce70b16777fd23596e5cde815b5e3f45ccb85564;252;242;0;ERC721;Single;0xa3aee8bce55beea1951ef834b99f3ac60d1abeeb;1127;0xa5d4bd9b2ae6d18c487b9cc66325ca4e2961df77;0x2a30ebea1617b22ae12444d44f4da1138f515335;1;1;
14398399;2022-03-16T15:20:52.000Z;0x6f927f083b8b4765c1fcf002ffe6add4e4b19c41912ca3b23fdc6a6d73b27835;0x46a0dd7d8679766bdaca26ec86442c4e0afc81d19614f7df638de3cf5546de83;37;56;0;ERC721;Single;0xa3aee8bce55beea1951ef834b99f3ac60d1abeeb;9293;0x2a30ebea1617b22ae12444d44f4da1138f515335;0xa5d4bd9b2ae6d18c487b9cc66325ca4e2961df77;1;1;
14398396;2022-03-16T15:19:50.000Z;0x677dae156cc36b6aca9a7e26d532ed0fcd428f8288dbf9dbec9764be0d68f7aa;0xcf6bb46f77d6792ef9505cba9bcf506c878c6f15ddafbfe634f53eb4ebf85c10;22;38;0;ERC721;Single;0xa3aee8bce55beea1951ef834b99f3ac60d1abeeb;1127;0x2a30ebea1617b22ae12444d44f4da1138f515335;0xa5d4bd9b2ae6d18c487b9cc66325ca4e2961df77;1;1;
14397896;2022-03-16T13:37:13.000Z;0x0aa04f973081f48d9af0860f83faff25db3d9c65ec677f5beaa87befd96ce705;0x74cc0ea8921b23ec037f115490d222fa16024456986b38f4fd51eaf472718311;281;81;5000000000000000;ERC721;Single;0xa3aee8bce55beea1951ef834b99f3ac60d1abeeb;3703;0x8d690a327b19e153be0151b3e9e167af41cc248b;0xc310e760778ecbca4c65b6c559874757a4c4ece0;1;1;
14397777;2022-03-16T13:10:25.000Z;0x97f5ddac5c88a470f3e13148709c98b1108f73ed61376fedc5ed68f946affedc;0xcd873f63b3e04943bf88de81d89bd9b51f9e85533888dbb7be4bc172e51a264c;31;41;65550000000000000000;ERC721;Single;0xa3aee8bce55beea1951ef834b99f3ac60d1abeeb;3771;0xa2c8d741c21dfca2e211d852d930384a49e88756;0x2b8d6dd1058b6eb32206e3c031284a9e756d9edf;1;1;
14397446;2022-03-16T11:57:48.000Z;0xb9c0a7897eb7dc8a5c4d8697397c5550d0ff5a453a790d838bce74adaeca7ab6;0x9832e1fe03df276f3111530da20d20d0c295e24a21e53fa4c3e4efa3d0a27e7c;132;259;15200000000000000000;ERC721;Single;0xa3aee8bce55beea1951ef834b99f3ac60d1abeeb;5853;0x2b8d6dd1058b6eb32206e3c031284a9e756d9edf;0x54ceebe4a776d1bc97903389dc3a9860b0bb02b0;1;1;
14396561;2022-03-16T08:38:11.000Z;0xd984d8c97d51c3d61975c1e3723dbf847d08824528484e91a34a3817dc2794f8;0x767370a526924f1fa263b9be54d9f4646ff80ad122df5034f48a3812730bfe4a;209;234;17680000000000000000;ERC721;Single;0xa3aee8bce55beea1951ef834b99f3ac60d1abeeb;9174;0xf361b05c5ff20bbb3e5785d7d6ba13d3059ace2a;0x821654faef3dea27fcbab9d4715dadaa0b121d5b;1;1;
14395166;2022-03-16T03:23:45.000Z;0x02cbb7c4c91b00236c3ea9c77b8b995df057defa01e58db0165644ad08e2ec28;0x74b83862b439417c86527d601a08714c994198501b757df668759f01766018d7;172;163;0;ERC721;Single;0xa3aee8bce55beea1951ef834b99f3ac60d1abeeb;5055;0x3cd3bf7db26df10ff229fe8f8650bb9f8d05f103;0xdf1fbe2d7229941d0a41369ab8bfb1977e9838c5;1;1;
14394939;2022-03-16T02:36:43.000Z;0xc59be5835548b5c32ad1aafb7e8bb85a7a7d930ad05307996f5cee152443d44a;0x114ce8d269daeef991a1fc8b91b872acfba0d495e1e801cbbd0f5031eb17ce9b;99;229;0;ERC721;Single;0xa3aee8bce55beea1951ef834b99f3ac60d1abeeb;3021;0xbcc92ac70735b3cded07465599cf4bb7d1917775;0xa80f39a3e932f9e913b57597762756ae4c0aa5c9;1;1;
14394894;2022-03-16T02:28:05.000Z;0xa76ae40b627bfb4086f256b556dd91dc20470d515c191d33418f125b8dba4199;0xa1a592a7f51e7e923b936ec86429db04ff21e0fc177f5ab25b90f3596da552dd;83;61;19255000000000000000;ERC721;Single;0xa3aee8bce55beea1951ef834b99f3ac60d1abeeb;9926;0xc310e760778ecbca4c65b6c559874757a4c4ece0;0x10e4271670b9cc264900eb86fe83ad9eac2a6c15;1;1;
14394853;2022-03-16T02:19:44.000Z;0x68d938381d379b752da8449ee4a73bc11e8840cb4f8bb5d325a4f89a001f8f9e;0x6f36413682a88476194ae6c1b56012cd4de4fd28e8b245f618d54dae27a70de3;14;36;5000000000000000;ERC721;Single;0xa3aee8bce55beea1951ef834b99f3ac60d1abeeb;9926;0xb131b92edc6870ce3638200a351341cda028651b;0xc310e760778ecbca4c65b6c559874757a4c4ece0;1;1;
14394487;2022-03-16T00:54:17.000Z;0xa5e838ee904e15eaf85946de8458d2486918059d1accfeb82f55513911f58b35;0x162d1eeaa365a52747d607420dc6ff18b491deda2dde67bce21ff8a3d92d3dc1;121;140;0;ERC721;Single;0xa3aee8bce55beea1951ef834b99f3ac60d1abeeb;10107;0x228ed880defa383538454b4c2f62b6a17702df58;0xd128eac65ea93fd4094af4af9fed6e5b43c6eed8;1;1;
14394359;2022-03-16T00:22:32.000Z;0x0e5a758fb95fdc35fd43c3ac5bf7ed9fcd62439c4dfb5f3aa87801f7a81f676a;0xcbec0fa2288c99946440da89fba2a88b82cc472e6e05849736ff200ff8475177;60;151;0;ERC721;Single;0xa3aee8bce55beea1951ef834b99f3ac60d1abeeb;7568;0x95544e48a9f78e12012519793e4eac0a5d0d79cd;0xf542443cd8f4b18578aa7f2b647676a9c41914b3;1;1;
14394321;2022-03-16T00:15:03.000Z;0xe97b37e4665e57ae05e3d463ce4a620b6e540fc070a6d957343cd3345e96e750;0x33dcaeaa8968261f63784a03d29c0cc1f1ecdf352ce3115c627dff8f717420f6;67;64;15000000000000000000;ERC721;Single;0xa3aee8bce55beea1951ef834b99f3ac60d1abeeb;8626;0xf49d71a0d89461f3cc50cc024da962e1483cbf8f;0x612704b4bc70c3ab4bf1143dfda329b844166694;1;1;
14394228;2022-03-15T23:53:47.000Z;0x2cd70833c1574565437710bd450fb43801e3535f991c861ee1add64f381419e9;0x57f88aa47d3508bb80ba1a73b16fd600fa2d79832a721781aa042cc3aaf14e9a;148;266;0;ERC721;Single;0xa3aee8bce55beea1951ef834b99f3ac60d1abeeb;8626;0xc181da856e3ff5d7e15906269fb9091d260f997e;0xf49d71a0d89461f3cc50cc024da962e1483cbf8f;1;1;
14394172;2022-03-15T23:40:53.000Z;0x1ffd9a1b4975af6954a3c18ea3cd205ae37592d25ee6f1c60ab69d5464bd6d2f;0x0c4b74c3a4d58a98e4e90354e51bd7458812d7fb510d550d5e3f2b5e38e1b549;234;333;0;ERC721;Single;0xa3aee8bce55beea1951ef834b99f3ac60d1abeeb;2538;0x105b892d27c556f3f28ab1522f612457a3e626b5;0x23c353c46fa62e57c0ce64fa2c0dbd4238cc207a;1;1;
14394162;2022-03-15T23:38:44.000Z;0xee79b5ef84478085d7c1d1607966559b8632b3f00dcf68f2ddb6a73136167cef;0x7799386b9f8f307d83f8d7bc489a4b83e75af897c2fc078bb9dade4d10bf611b;4;21;0;ERC721;Single;0xa3aee8bce55beea1951ef834b99f3ac60d1abeeb;6379;0x8ceb94904b99829ff44436649055026ae6910fb6;0xb0abaa210853479a439b66c6e8cda01acbc76314;1;1;
14394059;2022-03-15T23:11:58.000Z;0x6715e809af4405b5b4ac4d01f13e3690938580708b4eaeb261c306334e21f668;0xdaec43558bdbc7ea769b00ed7116d0b9aa245e4935e3da2748b975fb0be21b2d;73;76;5000000000000000;ERC721;Single;0xa3aee8bce55beea1951ef834b99f3ac60d1abeeb;7568;0x09a2ac84ed6aded55de9f33e3ce6c1618c8ad60f;0x95544e48a9f78e12012519793e4eac0a5d0d79cd;1;1;
14394059;2022-03-15T23:11:58.000Z;0x6715e809af4405b5b4ac4d01f13e3690938580708b4eaeb261c306334e21f668;0xdaec43558bdbc7ea769b00ed7116d0b9aa245e4935e3da2748b975fb0be21b2d;73;74;5000000000000000;ERC721;Single;0xa3aee8bce55beea1951ef834b99f3ac60d1abeeb;8566;0xc310e760778ecbca4c65b6c559874757a4c4ece0;0x09a2ac84ed6aded55de9f33e3ce6c1618c8ad60f;1;1;
14393964;2022-03-15T22:50:45.000Z;0x966da6c76fde5b96f33cbdf44f67da69d01883e25f2b84162c3596829c45f6ce;0xbc63a7638f9cd373c48218ef49012c7c5eb1b45ee764716de1fb4a15162755d4;65;166;1505000000000000000;ERC721;Single;0xa3aee8bce55beea1951ef834b99f3ac60d1abeeb;8566;0x95544e48a9f78e12012519793e4eac0a5d0d79cd;0xc310e760778ecbca4c65b6c559874757a4c4ece0;1;1;
14393434;2022-03-15T20:55:05.000Z;0x056a513ae3c2512a95f6b4c6f1b26148df2d95dd421db2a8617d29bf66f93504;0x66a8bf68a0642a4660c3af5a5f071aa677d5aa4cb04c7e6e03a5f241a0488cb2;31;37;1505000000000000000;ERC721;Single;0xa3aee8bce55beea1951ef834b99f3ac60d1abeeb;5004;0x3cd3bf7db26df10ff229fe8f8650bb9f8d05f103;0x0dc3edf769f34962bbda01ebef4f700287f51e9d;1;1;
14393434;2022-03-15T20:55:05.000Z;0x056a513ae3c2512a95f6b4c6f1b26148df2d95dd421db2a8617d29bf66f93504;0x66a8bf68a0642a4660c3af5a5f071aa677d5aa4cb04c7e6e03a5f241a0488cb2;31;35;1505000000000000000;ERC721;Single;0xa3aee8bce55beea1951ef834b99f3ac60d1abeeb;4123;0x3cd3bf7db26df10ff229fe8f8650bb9f8d05f103;0x0dc3edf769f34962bbda01ebef4f700287f51e9d;1;1;
14393434;2022-03-15T20:55:05.000Z;0x056a513ae3c2512a95f6b4c6f1b26148df2d95dd421db2a8617d29bf66f93504;0x66a8bf68a0642a4660c3af5a5f071aa677d5aa4cb04c7e6e03a5f241a0488cb2;31;33;1505000000000000000;ERC721;Single;0xa3aee8bce55beea1951ef834b99f3ac60d1abeeb;482;0xc310e760778ecbca4c65b6c559874757a4c4ece0;0x3cd3bf7db26df10ff229fe8f8650bb9f8d05f103;1;1;
14393389;2022-03-15T20:44:27.000Z;0xc314445030670d6e44ff25bee1c56baaabea152fbfd19f233039535c4b3e3109;0xa42a26620b63b248c6d5c7a6f280c2be86c27383110796dbad88541137a5ac3a;149;155;5000000000000000;ERC721;Single;0xa3aee8bce55beea1951ef834b99f3ac60d1abeeb;482;0x0dc3edf769f34962bbda01ebef4f700287f51e9d;0xc310e760778ecbca4c65b6c559874757a4c4ece0;1;1;
14393249;2022-03-15T20:14:17.000Z;0x01858dd9ecfb1a720559ae87b05e2d3b8c409c9d9fadda0d5a5acdc3ba52a175;0xd57d8aacf8741477429d3ab873fc3a59a00bcb676551ce94845ed559d335ccd0;66;73;0;ERC721;Single;0xa3aee8bce55beea1951ef834b99f3ac60d1abeeb;8566;0xf542443cd8f4b18578aa7f2b647676a9c41914b3;0x95544e48a9f78e12012519793e4eac0a5d0d79cd;1;1;
14393142;2022-03-15T19:51:05.000Z;0xdf21b4b7a3e80c4427addd513dd9e98c9ca8d217a4f1dff60f514e7306a50b06;0x7ca9b66e059120a85c4a301e3e9a0ab20b5a8606d9858f1dcff4ea7ce9e37bf0;52;45;0;ERC721;Single;0xa3aee8bce55beea1951ef834b99f3ac60d1abeeb;4522;0xb3ee5011a7965905cde351ea4905ff4725189a3b;0xe0028f4b2a9ff1e825c872d5e871ab4250dbebc4;1;1;
14393038;2022-03-15T19:26:31.000Z;0x29e45aa91ab26f8034d93b2aa508237d7b8e1aab0b1a6d3be734e74df537d0b7;0xa8fb4b63018b6498e602fae2638b7f8548bba22c68d076e8bb5923a9d0afe78c;92;91;0;ERC721;Single;0xa3aee8bce55beea1951ef834b99f3ac60d1abeeb;1133;0xc9f45a639af105a4d56b80a0344fcba7c33e6a0e;0xc8847f2586eae56738c0a5316e444a2065de0aa2;1;1;
14393009;2022-03-15T19:20:20.000Z;0x8c7c71895c597c516bb06aa4a0f1c091309c9ebec1acb571d2ede2c153a951c7;0x99c078cc82e57d2a39b3bd42ae3551ec9ce1cc4f68687b9ed62c306cbffbf333;6;41;0;ERC721;Single;0xa3aee8bce55beea1951ef834b99f3ac60d1abeeb;4732;0x8ceb94904b99829ff44436649055026ae6910fb6;0xce4e71a8936888c9fc1c437d4e08460ae216c04c;1;1;
14392910;2022-03-15T18:59:22.000Z;0x300d29ab71aa950b0acd75625cb1080fc73c0656579d410b51717af3d1834165;0x3af9248f119d71b9059719b874d2e8e9ccb28ba18969a8c2ec623c64c1c12d07;68;103;0;ERC721;Single;0xa3aee8bce55beea1951ef834b99f3ac60d1abeeb;3977;0x8ceb94904b99829ff44436649055026ae6910fb6;0xce4e71a8936888c9fc1c437d4e08460ae216c04c;1;1;
14392860;2022-03-15T18:45:25.000Z;0x5ecadc97ae560d2f4eeca632e7bf70814271cbcefd47a82daa723d9cf959e469;0xdfde825b22aa403fd909556a66900ffd817bb8fae7fc0693719139630cb5b16b;183;271;0;ERC721;Single;0xa3aee8bce55beea1951ef834b99f3ac60d1abeeb;6201;0x3f419ce32bbd40d48be0f62d13f6d95eecc75af2;0x4ae51f105e4777fd204e860594eb0880db27e01b;1;1;
14392399;2022-03-15T16:57:52.000Z;0x8e07faf709f3b7f04620ea5b50461f9cc4427d282c04c8674df45bb05263af14;0x3179a2bf0e3ad6f9f6b3b20ef4bbc18632348a1478e58699da2f1a8ae6f2bff9;187;160;5000000000000000;ERC721;Single;0xa3aee8bce55beea1951ef834b99f3ac60d1abeeb;600;0x2b8d6dd1058b6eb32206e3c031284a9e756d9edf;0xeb829f7315d111730854f38d3c93997e53872340;1;1;
14392355;2022-03-15T16:46:32.000Z;0x8af6b57c96b0846906f2477fac8d34c8bd3c075301ddecb69062123ff5f9814e;0xd6058539853fd0bf2d274938df74dec960a0e57b778e5f2f61c0d2a2a6ca30b7;99;153;5000000000000000;ERC721;Single;0xa3aee8bce55beea1951ef834b99f3ac60d1abeeb;8205;0xeb829f7315d111730854f38d3c93997e53872340;0x2a0a965ec6b07fbd630fba63a72b78c02cf72f89;1;1;
14392062;2022-03-15T15:49:31.000Z;0x1e5cfbad32006aa4b8ad25a2495ac2631da46e69122392efa92e918933d31613;0x54e1a80524b34972c745909bd00fa2cb5c89ce68dd94cb4259d8f5d2ffeaa701;35;81;0;ERC721;Single;0xa3aee8bce55beea1951ef834b99f3ac60d1abeeb;9252;0x94a010e15e704ceaab25ca018c9068bff932d08d;0xc58724498f98e726e4ff9963663c17de0cfb2867;1;1;
14391413;2022-03-15T13:24:17.000Z;0x4e17cee35e53ce21c4d64c7b532f8e3754a065c9e0699fc6987baac7c59916af;0xdf063589f73bde9788275b408d1828f631f5732d5b4c0be275173fd19f050efe;29;64;60000000000000000000;ERC721;Single;0xa3aee8bce55beea1951ef834b99f3ac60d1abeeb;3715;0x4f065ee49454f91b3490d3f66ec0efd7bac6b4e0;0x02c465d39fa7e876d1cd74be886323c2a66ef9e6;1;1;
14391148;2022-03-15T12:26:19.000Z;0xe8cf7b44750fc5a6132c1229f9ddea8cb021092c2541df5de84783762e9906df;0xe19b11b0c6672069e80ca98511f725da38a106e65ed40401a562216c40a8eb61;187;401;0;ERC721;Single;0xa3aee8bce55beea1951ef834b99f3ac60d1abeeb;768;0x382d2410dda67cd117a49e8d231fd53ffd9c6a8b;0x6e728b64e5ce71c135113ec9757cad92fbd6d3d2;1;1;
14391148;2022-03-15T12:26:19.000Z;0xe8cf7b44750fc5a6132c1229f9ddea8cb021092c2541df5de84783762e9906df;0x16e09bd5f55dc823c12b9ffe3375bdf18ec4db733f90973a483c64f591daa17f;147;302;0;ERC721;Single;0xa3aee8bce55beea1951ef834b99f3ac60d1abeeb;7943;0xd731669512e890111ab76490d7fcf22acaee5a91;0xa891ff081b794e40afebc2b4d999dd1a0485e7ea;1;1;
14389107;2022-03-15T04:49:41.000Z;0xde43c5022a0df417a2c061deaffce25793031f429ca9e1c86158f7f561644842;0xfaea28fc67839941b7f9173a6c5434ccaff2d346bff10acbb664297cac7402b4;208;474;28550000000000000000;ERC721;Single;0xa3aee8bce55beea1951ef834b99f3ac60d1abeeb;4522;0x30fb3a70e59279a4e9a2ba46494a0539aeefae48;0xb3ee5011a7965905cde351ea4905ff4725189a3b;1;1;
14389020;2022-03-15T04:27:47.000Z;0x45ad8cbf2e877fa04cb00d1792eab273de119938c1606160dbf745656f44355a;0xb2345b30567487c7d510f46bf708bc7107bb6d724128fc910dfa8be58a15706a;72;110;0;ERC721;Single;0xa3aee8bce55beea1951ef834b99f3ac60d1abeeb;3219;0xdec7ee09e58d8807f0d70ce688c333f614dc2885;0x515520b9a6d02425b9ef7bb75da82a21dc3c5eaa;1;1;
14388975;2022-03-15T04:17:25.000Z;0x29301c1cbd3f1f38c234c3bc5d0b91c3f31e7281926be26501235929ba858a3e;0x1295cc5d5e1027b7904286bc70d48abdd79e23a9bbb0467aeae1b9df10bc74e3;77;248;2005000000000000000;ERC721;Single;0xa3aee8bce55beea1951ef834b99f3ac60d1abeeb;1250;0xdec7ee09e58d8807f0d70ce688c333f614dc2885;0x39daacdc097107cc8eabbcda0c28877f0de3a90e;1;1;
14388975;2022-03-15T04:17:25.000Z;0x29301c1cbd3f1f38c234c3bc5d0b91c3f31e7281926be26501235929ba858a3e;0x1295cc5d5e1027b7904286bc70d48abdd79e23a9bbb0467aeae1b9df10bc74e3;77;246;2005000000000000000;ERC721;Single;0xa3aee8bce55beea1951ef834b99f3ac60d1abeeb;3219;0xc310e760778ecbca4c65b6c559874757a4c4ece0;0xdec7ee09e58d8807f0d70ce688c333f614dc2885;1;1;
14388960;2022-03-15T04:15:33.000Z;0xd08f71d799d6fd3ad57f63562666e90cef507fd104f99a3c671e5f8109bad36c;0x1bdc520acc05821341717307d52ad49709d13ef13f3e1eaeeb1228a907e8ed6f;25;22;0;ERC721;Single;0xa3aee8bce55beea1951ef834b99f3ac60d1abeeb;1289;0x187be3309222158c9ff367e43a89d5c6a34b1b38;0x2b85383f51304ccb55e56d25b7c4b8cba6e5b5b8;1;1;
14388956;2022-03-15T04:15:03.000Z;0xec21763befb47629f6a7028ab5cd4a9933f58376524d25187116465c1fd35f6d;0x035995a5f6cfbd8fb3eed67184c999a39132ff341f0506f279e3d44efe47fbad;37;42;0;ERC721;Single;0xa3aee8bce55beea1951ef834b99f3ac60d1abeeb;2315;0x187be3309222158c9ff367e43a89d5c6a34b1b38;0x2b85383f51304ccb55e56d25b7c4b8cba6e5b5b8;1;1;
14388949;2022-03-15T04:14:06.000Z;0x3d2e15e1287d11df93d062a84607a7052e931c7ff841a882815bd6930c7d1773;0x86dccce23eed871a4e89f95e17b435d83549683b18da527eb770c8d5f3b38c42;26;39;0;ERC721;Single;0xa3aee8bce55beea1951ef834b99f3ac60d1abeeb;7906;0x187be3309222158c9ff367e43a89d5c6a34b1b38;0x2b85383f51304ccb55e56d25b7c4b8cba6e5b5b8;1;1;
14388945;2022-03-15T04:13:14.000Z;0xe5436cfab60d8e01c26a4935afd8d7bee975dc585a0626b88d3258b94002ae8b;0x6e3408e3f11a20aa403c9e546d7148b3541befcfa29a3dfce3b6efd105a576e6;54;55;0;ERC721;Single;0xa3aee8bce55beea1951ef834b99f3ac60d1abeeb;4680;0x187be3309222158c9ff367e43a89d5c6a34b1b38;0x2b85383f51304ccb55e56d25b7c4b8cba6e5b5b8;1;1;
14388942;2022-03-15T04:12:09.000Z;0x5283e51135e8c42a512613d4a2af16bb5f412919ee463685eb10cc36349501ac;0xb73b8646ace5257e3697e60e866ea03e8e136a722b2a240195cbc5907d7cf01a;97;168;0;ERC721;Single;0xa3aee8bce55beea1951ef834b99f3ac60d1abeeb;8548;0x187be3309222158c9ff367e43a89d5c6a34b1b38;0x2b85383f51304ccb55e56d25b7c4b8cba6e5b5b8;1;1;
14388937;2022-03-15T04:11:43.000Z;0xe472a9a9efeaa23883d129e6c76b0ede45ede8862ca517dd05f8cd19b07a3add;0x266af123dd7a07d54a3246b6a25423658cd7e259ee6897db56ac2a7cb8b70604;12;15;0;ERC721;Single;0xa3aee8bce55beea1951ef834b99f3ac60d1abeeb;7297;0x187be3309222158c9ff367e43a89d5c6a34b1b38;0x2b85383f51304ccb55e56d25b7c4b8cba6e5b5b8;1;1;
14388932;2022-03-15T04:10:41.000Z;0x68601972ce0425d200cf2ad4e58edbb499046215ecca14dee49d8ba32d7fe63d;0x5b66317de7bee76340b7f62c689c19bd6dfd66dd6952c2eaf0c3699512eaa02c;21;6;0;ERC721;Single;0xa3aee8bce55beea1951ef834b99f3ac60d1abeeb;9237;0x187be3309222158c9ff367e43a89d5c6a34b1b38;0x2b85383f51304ccb55e56d25b7c4b8cba6e5b5b8;1;1;
14388926;2022-03-15T04:09:37.000Z;0x18719f907226f5d34f1ecaa94c6ca3a48af4950e59c306633836235fa49ade3a;0xca743047dfd18ddfd01b156e8fd039e5e7c586164e5cc031d4ea6edc466ec5d6;102;106;0;ERC721;Single;0xa3aee8bce55beea1951ef834b99f3ac60d1abeeb;7581;0x187be3309222158c9ff367e43a89d5c6a34b1b38;0x2b85383f51304ccb55e56d25b7c4b8cba6e5b5b8;1;1;
14388923;2022-03-15T04:08:23.000Z;0xd99da68a9f4a4a640a1490983cad2e21c816fdceab90d91fbecd5ccd7e202e7e;0x38a31b3985b05b14b2c8e658c7099cf394d7b8504bb0d36c8322fdce6020ca69;119;109;0;ERC721;Single;0xa3aee8bce55beea1951ef834b99f3ac60d1abeeb;4307;0x187be3309222158c9ff367e43a89d5c6a34b1b38;0x2b85383f51304ccb55e56d25b7c4b8cba6e5b5b8;1;1;
14388921;2022-03-15T04:07:56.000Z;0xb25f1ca60df67a158cf6ed48666926aecdcae347268b0f4c269f85304f59420d;0xc6b1814c21a9b9c8f7add35a581a65df7017de5b02fd5907ad4a2c41475eb71b;108;137;0;ERC721;Single;0xa3aee8bce55beea1951ef834b99f3ac60d1abeeb;2109;0x187be3309222158c9ff367e43a89d5c6a34b1b38;0x2b85383f51304ccb55e56d25b7c4b8cba6e5b5b8;1;1;
14388914;2022-03-15T04:06:37.000Z;0xa421bd299dba1e2a448f77e08ffc837458a99a5f65ee6dfa55a366cbfcfb563d;0x3346163af3c7d18b52bbd2ab6f743d64a59dc8b87c6b308e27d05260848262d1;59;166;0;ERC721;Single;0xa3aee8bce55beea1951ef834b99f3ac60d1abeeb;8994;0x187be3309222158c9ff367e43a89d5c6a34b1b38;0x2b85383f51304ccb55e56d25b7c4b8cba6e5b5b8;1;1;
14388912;2022-03-15T04:05:49.000Z;0xcc81ea2981b599978d2fe78ff226f3f113fac88a6a47fabe344069659de05542;0x014ecca5ac02cbc9aa10ad2924f8cac3c2da02d07d805840a6d7039e734371bd;27;39;0;ERC721;Single;0xa3aee8bce55beea1951ef834b99f3ac60d1abeeb;10028;0x187be3309222158c9ff367e43a89d5c6a34b1b38;0x2b85383f51304ccb55e56d25b7c4b8cba6e5b5b8;1;1;
14388905;2022-03-15T04:03:32.000Z;0xc0b63fa4fb82335c447b80de4b2ea4939504ef9574322c4f8bfea4ab1bd3ef4a;0xf032b8145c58bb38f5d3a04236934da0c28389c5d1121b796cd9f6ea766455b5;61;90;0;ERC721;Single;0xa3aee8bce55beea1951ef834b99f3ac60d1abeeb;8399;0x187be3309222158c9ff367e43a89d5c6a34b1b38;0x2b85383f51304ccb55e56d25b7c4b8cba6e5b5b8;1;1;
14388812;2022-03-15T03:40:14.000Z;0xcd0838641ba6fd6da32504dce85ddf29080aa9288d2b85a7d8ac504069ce1a4a;0x545ea340aaa5d0b81ccb8bb613aee250d7f0b2372d2854b3fa1ccb83912494f3;44;31;0;ERC721;Single;0xa3aee8bce55beea1951ef834b99f3ac60d1abeeb;4605;0x88341d1a8f672d2780c8dc725902aae72f143b0c;0x3fbcd3e067a5ff2395fc5fb242029e45b6c0bd78;1;1;
14388804;2022-03-15T03:38:13.000Z;0x8b820baf633feff9d7d4a3c89cf1c11075727793caaa85e12d12f060538a7b8d;0x4276789f0f70a3a276356a851b812cbfa77a8055f62b65175b574d93f3fa1f2c;307;447;0;ERC721;Single;0xa3aee8bce55beea1951ef834b99f3ac60d1abeeb;6993;0x3fbcd3e067a5ff2395fc5fb242029e45b6c0bd78;0x88341d1a8f672d2780c8dc725902aae72f143b0c;1;1;
14388708;2022-03-15T03:13:18.000Z;0x2fdc4858da7b643b74cc814b36f75ef08f7bdb982f532fe4407e3a91fc7ad8f3;0xeae8f432a97c326c368722c7013e6003677b635a84037eabbb2efe37f24e0154;111;153;18300000000000000000;ERC721;Single;0xa3aee8bce55beea1951ef834b99f3ac60d1abeeb;2803;0x383062638dd6f71cdf72ba65c1806ce0c43ca982;0x180f752f1b3f3031a545d8d41069cab472322d84;1;1;
14388639;2022-03-15T02:58:00.000Z;0x305bfaa011d201ff491325f33f7f197073d81380f9dcf25dd865ad30985002ba;0x52c38f8f7670773009b8b1968d608aacbbade15d2cbcb0e357b6bf7d26d3143d;13;13;5000000000000000;ERC721;Single;0xa3aee8bce55beea1951ef834b99f3ac60d1abeeb;3219;0x39daacdc097107cc8eabbcda0c28877f0de3a90e;0xc310e760778ecbca4c65b6c559874757a4c4ece0;1;1;
14388603;2022-03-15T02:51:11.000Z;0x2fec8e361a8901856619f7f86c118331d259a1185dc742510d241f1ee47685c4;0x31bd430fe1b2a44df33716e061c07e4189c2661a2e6e06c5a1cffe25ce26fe98;118;335;0;ERC721;Single;0xa3aee8bce55beea1951ef834b99f3ac60d1abeeb;1250;0x515520b9a6d02425b9ef7bb75da82a21dc3c5eaa;0xdec7ee09e58d8807f0d70ce688c333f614dc2885;1;1;
14388111;2022-03-15T00:54:01.000Z;0x8dc37aef96755013dfe42578b274bb386a0d8323db25f26bb36f7d92b16e8f3d;0x0cfadba279df7aacd33f1ab668c8a1a1c751c3d81945a9025a243469f579d1ff;63;157;5000000000000000;ERC721;Single;0xa3aee8bce55beea1951ef834b99f3ac60d1abeeb;7097;0x39c4baa801906e99b311884d53d8e5d76b6883fc;0x209d93a50c0f302a38df9be8b0b20d55cf5e8218;1;1;
14388111;2022-03-15T00:54:01.000Z;0x8dc37aef96755013dfe42578b274bb386a0d8323db25f26bb36f7d92b16e8f3d;0x0cfadba279df7aacd33f1ab668c8a1a1c751c3d81945a9025a243469f579d1ff;63;155;5000000000000000;ERC721;Single;0xa3aee8bce55beea1951ef834b99f3ac60d1abeeb;9812;0xc310e760778ecbca4c65b6c559874757a4c4ece0;0x39c4baa801906e99b311884d53d8e5d76b6883fc;1;1;
14387983;2022-03-15T00:25:32.000Z;0x3c4a76baee223ac8eb493834ebaab8ea974354cc06c893670bc1025a3a7fab84;0x7a02618fd541cbd25f680cf4d0667c798e839601d5aaa65ee044ca5245ef110b;12;9;5000000000000000;ERC721;Single;0xa3aee8bce55beea1951ef834b99f3ac60d1abeeb;9812;0x209d93a50c0f302a38df9be8b0b20d55cf5e8218;0xc310e760778ecbca4c65b6c559874757a4c4ece0;1;1;
14387770;2022-03-14T23:39:40.000Z;0x12f0bf75375913da6f3ef2f12f5a50895471ebe816fd8e86042a0e0fda6af5e4;0xb6106c9f2261e0d4054dfa6bcc2f277c1a70682d0f8d1128ecf5a4b792c7c30f;132;217;0;ERC721;Single;0xa3aee8bce55beea1951ef834b99f3ac60d1abeeb;4562;0x01e3390fe6b384c817c007b5039107a3eeacaee4;0x290c410908c3095e11d5caab109da40de50d54a7;1;1;
14387764;2022-03-14T23:38:02.000Z;0x7400f8eb83739bb38e86635f5e112cd64b22111cf07be8ff0b36bdfd0a4494fd;0x78d351c6f5e491aea48455270708945cd693d6dceca33a951910c6fc87cb3a67;90;154;0;ERC721;Single;0xa3aee8bce55beea1951ef834b99f3ac60d1abeeb;9361;0x01e3390fe6b384c817c007b5039107a3eeacaee4;0x290c410908c3095e11d5caab109da40de50d54a7;1;1;
14387752;2022-03-14T23:35:41.000Z;0x64debc3e512416276fedabcc23b0c4af79cfca8aa3d70ca37fe67c6f56a6fe26;0x0102e82f5fecbb785bc4b880f117ec406045cf92748cb5d2b279a78527544497;16;26;0;ERC721;Single;0xa3aee8bce55beea1951ef834b99f3ac60d1abeeb;7612;0x01e3390fe6b384c817c007b5039107a3eeacaee4;0x290c410908c3095e11d5caab109da40de50d54a7;1;1;
14387747;2022-03-14T23:33:52.000Z;0x0d41e5315fc1b45044e3b064b773a26c79a8863761045535851b1599593e1f99;0x41a8796d5af2b578358281ad73ccd6335e159df61fdd98f767a0474fb6559090;103;308;0;ERC721;Single;0xa3aee8bce55beea1951ef834b99f3ac60d1abeeb;9403;0x01e3390fe6b384c817c007b5039107a3eeacaee4;0x290c410908c3095e11d5caab109da40de50d54a7;1;1;
14387674;2022-03-14T23:19:35.000Z;0xa2a43fe8fd68213f1a24543f324feb1c64a94aff6f42af1459079dba57073228;0x231df6aca4ffc696b4039a87723e6f2d01b6ac26c00eae1723eb993c7e79c32a;291;623;19300000000000000000;ERC721;Single;0xa3aee8bce55beea1951ef834b99f3ac60d1abeeb;2791;0x383062638dd6f71cdf72ba65c1806ce0c43ca982;0x2a94335e54058a50c307bae06a07c32e5a79eaa1;1;1;
14387643;2022-03-14T23:14:51.000Z;0xb8d42da917125e0e6c886cb3f36e8c6ac4d39e241a904c1fe0f4cb1053c9e625;0xbb4c2e10ac61638c858d0eb393c73d531bd91883f68c1567bf8a2844b6b10a93;60;140;19300000000000000000;ERC721;Single;0xa3aee8bce55beea1951ef834b99f3ac60d1abeeb;8707;0x383062638dd6f71cdf72ba65c1806ce0c43ca982;0x2a94335e54058a50c307bae06a07c32e5a79eaa1;1;1;
14387383;2022-03-14T22:17:10.000Z;0x4b04c1d3fd4eed6610a4154db393890252de8120848f25fdd1a7bc61e1a36c28;0xa116e4d3306f9ced03993df24617fb8c5f05368667d5eb531d3bc7e1b27c91dc;30;87;0;ERC721;Single;0xa3aee8bce55beea1951ef834b99f3ac60d1abeeb;5040;0xf41a3bb52d1e88d253079e2dc7092935730f2bf6;0x88341d1a8f672d2780c8dc725902aae72f143b0c;1;1;
14387337;2022-03-14T22:05:25.000Z;0x02f271539f388a568c92c06036599bf0b7fc25aa46564fc78ea2445eed16fbb8;0x9e72d46599319baa8d315ba92b699a2d62c08518f0da01341fee5b2ac040a73e;273;286;0;ERC721;Single;0xa3aee8bce55beea1951ef834b99f3ac60d1abeeb;1901;0x1f1bf37faae1276b60c22295b44883778dcf8c22;0x2259e20dcba3069a02da0c47977f67c4fc32bfa9;1;1;
14387292;2022-03-14T21:57:01.000Z;0xddb1693c19bdcbd5c0cb83add6f9c51247f91cda19cd4ed6e77cbda8e9ad19be;0x7324f6f4be021afd0877d6bf3033177f0dd798ffc50e93ed9a21432c7e8d4caa;336;325;17200000000000000000;ERC721;Single;0xa3aee8bce55beea1951ef834b99f3ac60d1abeeb;1901;0x12e5311f7be579cf786ea72567ab41615ff74889;0x1f1bf37faae1276b60c22295b44883778dcf8c22;1;1;
14386953;2022-03-14T20:40:18.000Z;0x2020655ed0dffddb27b29be9d760a9cfad809639580de868cb75ac16b30ec07c;0xc0ea2bab0b122e5b300dbbd955071e44834b75032e1b05349f020ca755f0eca6;249;533;0;ERC721;Single;0xa3aee8bce55beea1951ef834b99f3ac60d1abeeb;8388;0x2b2ead10b34b40eb3ccb6733863fb802dfbbd63a;0x01a35d0cdd99ae2d693c0cdebae8c01efbd5e7f3;1;1;
14386922;2022-03-14T20:33:53.000Z;0xadd0d62e7307cb1f7dc518eab628f8925be35fd28d6b176a784e58a09217408d;0xf4afc445b014f38a5d151c51d9a6dc2dcc67881b6261b9785e6a9b74f635f493;269;332;0;ERC721;Single;0xa3aee8bce55beea1951ef834b99f3ac60d1abeeb;8224;0x2b2ead10b34b40eb3ccb6733863fb802dfbbd63a;0x01a35d0cdd99ae2d693c0cdebae8c01efbd5e7f3;1;1;
14386865;2022-03-14T20:21:52.000Z;0x01988e92138fe6c23b8362fa8f6871626d63ad743084ec41a8084bea4672364c;0xdc33fd0c6b031bc27d205426f81530936b659464f26cab8b9e141378b8f981e3;31;68;0;ERC721;Single;0xa3aee8bce55beea1951ef834b99f3ac60d1abeeb;7301;0x2b2ead10b34b40eb3ccb6733863fb802dfbbd63a;0x01a35d0cdd99ae2d693c0cdebae8c01efbd5e7f3;1;1;
14386850;2022-03-14T20:17:36.000Z;0xb1dcaa424f10237fc747ebbf07c8473c6ac43d812e22fe8cb9834543d0a791c7;0xa2827edd059a2850be149fc23062780ea31f15d0ac0f2087f50f6a52270f3791;78;137;0;ERC721;Single;0xa3aee8bce55beea1951ef834b99f3ac60d1abeeb;4632;0x2b2ead10b34b40eb3ccb6733863fb802dfbbd63a;0x01a35d0cdd99ae2d693c0cdebae8c01efbd5e7f3;1;1;
14386781;2022-03-14T20:02:53.000Z;0x7cb22880e58a3931a8adc5f3b84919ccc760a0176f11c4f3708b27f8a2a681ab;0xee92ae39fc96c36f14543029d2be82336472e705f1e3cb5a6501f9cc98198bd0;255;502;45000000000000000000;ERC721;Single;0xa3aee8bce55beea1951ef834b99f3ac60d1abeeb;5337;0x71b5b11521a1fd3662b393d16aec1d9d50b200d3;0x3fad60259863ae0fe06e705f4433b9e8ad03c489;1;1;
14386773;2022-03-14T20:01:29.000Z;0x2553e6b91137b91ba6844c912f72a269cb038376897c4e52d72cb28adaff0f2c;0x479e69d874d5453df82c8cdc518cd392edf817ceb802b43ac4e0cc22f7e377d1;70;134;0;ERC721;Single;0xa3aee8bce55beea1951ef834b99f3ac60d1abeeb;8814;0x1e9abf1b3ceb3915f320d63701ae4b729019a7d9;0x48bcf7528731385aedf918135bf69e463b23f207;1;1;
14386756;2022-03-14T19:58:31.000Z;0x98532311188e9ed266d2cf5422c080341fe74d5b1e766bec221e5283c51a669b;0x1c5fe3e12f40e9554bdeb5ae1e86436f8b60fef4671293e64ef85e019e0e8dee;68;329;18000000000000000000;ERC721;Single;0xa3aee8bce55beea1951ef834b99f3ac60d1abeeb;8814;0xdb927440e8ab5578d6f96cbf8dbc4be859ade955;0x1e9abf1b3ceb3915f320d63701ae4b729019a7d9;1;1;
14386640;2022-03-14T19:33:06.000Z;0xaf95ba7049dd26370557a3cc02d25f325eed798711d03382e17a8164001547aa;0xe4e5ae406dfa9368570a63f8e672db739a46aab5e58216d5de9cae06ec100e8c;109;200;0;ERC721;Single;0xa3aee8bce55beea1951ef834b99f3ac60d1abeeb;6961;0x6e57b602c327ae52ff57e7bc1e511674d33c4e42;0xf88566735620cba103439999cf238987f3f3a41c;1;1;
14386630;2022-03-14T19:30:09.000Z;0xacb03b3ef912b157b4ca24b3a9ec7d6ab4da473c09307c6f34f00ebb50f3ae84;0xa686bbcfd2f0c2ea3e2477cab4889ac4bf47bc719d2274b42c9b46eba3e5b17e;30;70;0;ERC721;Single;0xa3aee8bce55beea1951ef834b99f3ac60d1abeeb;7163;0x6e57b602c327ae52ff57e7bc1e511674d33c4e42;0xf88566735620cba103439999cf238987f3f3a41c;1;1;
14386596;2022-03-14T19:23:52.000Z;0x73ef608dcc71ac7450b20586465ddc6d668247fa58a412896ac87e0e3cf70b33;0xc5ac6f5c8a4f0da03aedd8d9ad79e4bf35ec770b302e91fa18426ad6550a871f;152;269;0;ERC721;Single;0xa3aee8bce55beea1951ef834b99f3ac60d1abeeb;9520;0x6e57b602c327ae52ff57e7bc1e511674d33c4e42;0xf88566735620cba103439999cf238987f3f3a41c;1;1;
14386395;2022-03-14T18:37:28.000Z;0xc02b098e17dc77ecf569ad1927697ddda8e009fccaa8f0d8f5e7e5e7484b5ee8;0xcbf6b7f0825fd894d6677dcbdbc4743ed3cd171057c41dce9397468f13b14d31;44;82;16490000000000000000;ERC721;Single;0xa3aee8bce55beea1951ef834b99f3ac60d1abeeb;9055;0xbddb878b393bf91f8d34b2edf7087ca529e3ccaf;0x3d62fc778f8cd81c1e9d155898eb23360d4f37cd;1;1;
14385780;2022-03-14T16:25:13.000Z;0x90b08b4dc3499b9a39023a9211a69df74c509872a8428531da888a3c74f5a21b;0x40c1171e890c4968db8c4bccc01767e86a2513911b7ca4f0c43ffe4099ede356;42;54;35000000000000000000;ERC721;Single;0xa3aee8bce55beea1951ef834b99f3ac60d1abeeb;9973;0x10e4271670b9cc264900eb86fe83ad9eac2a6c15;0x8002524b12b2a6e1e8e26f39b32efc73fa4c161a;1;1;
14385074;2022-03-14T13:46:44.000Z;0xef5833955df6cd67d559f01d2f4d24d92c40b68dcf61eb4cad40ff7f18fc28e9;0x61115a55c503994a70c283178fcdb23166cc06a0250447e3d69d5e00ad4345e8;226;567;29000000000000000000;ERC721;Single;0xa3aee8bce55beea1951ef834b99f3ac60d1abeeb;2517;0x0e616785638663c88a493a82972e2f9cadaab4bc;0x56138c7414952a5bfbfbd6f7fa7a60c3a4962c80;1;1;
14384586;2022-03-14T11:58:04.000Z;0xb8cf6354bab069999038e6f5f56fac467fe23c8bdc9b5e465fc1a181343fb50b;0x3600eaf58a84d1f9cfa298b480901c5c866c0c6d088f48f2d8b24b2419ca4ea2;138;393;15900000000000000000;ERC721;Single;0xa3aee8bce55beea1951ef834b99f3ac60d1abeeb;8257;0xeca7f6a6d81dfc2006c87b187579c439c0661356;0xff1090100b562a06a8bc7bd431e2bf403b035055;1;1;
14384420;2022-03-14T11:20:53.000Z;0xe08b8174db09fadc4f494e5f5b598b3bf1bf9243c5109b7b6e3e14a8cb840c49;0xe00649925167a361036dda312c08fb78ecee536487bdd58b45fb538603696a5a;81;102;0;ERC721;Single;0xa3aee8bce55beea1951ef834b99f3ac60d1abeeb;3467;0x11b79b85425674ace145e0fa6c25e2a8ea42fa5f;0x1e64378fd7b1cd653bb512f82360e931a819553a;1;1;
14384379;2022-03-14T11:12:01.000Z;0xe2955506adea7fb177a0b49698b720864747cdfcf8d4b95032cdc1ead829e714;0x21b2202b61e48f0d41339fa486b2c3cea886cf5f522124d277afacb912547612;17;42;16305000000000000000;ERC721;Single;0xa3aee8bce55beea1951ef834b99f3ac60d1abeeb;1251;0xc310e760778ecbca4c65b6c559874757a4c4ece0;0xd31c8a79dc02eaed7ce88b9ef72f2e6155566031;1;1;
14384033;2022-03-14T09:59:57.000Z;0x8b713cb3fb30952739de0c326d358970143ea995f12b41e2bede65c15d1699c5;0x39845c951127751a7197fb3f69f4add53035f35d2f12c3b79e311d3e4124da03;8;17;0;ERC721;Single;0xa3aee8bce55beea1951ef834b99f3ac60d1abeeb;1304;0xf8dfb1adacca5a164b8024daba0eb4dc1ca72d05;0x6d85c5be294d6cd36d802f042a7ba47bf6ad72dd;1;1;
14383974;2022-03-14T09:46:14.000Z;0x8f776b20a33cff4ef16db62b4ff51fd347db6a60a84772a848ff42479b65d35b;0xb935d6b695a6c6b346affca296068da0d1f161f2b776a33ed3263e1d611c0662;235;293;15555000000000000000;ERC721;Single;0xa3aee8bce55beea1951ef834b99f3ac60d1abeeb;5367;0x4b43a598c618606d3a021845e13bf3baf5c59c7e;0xcd0f5c6d62eeb94c3777d12b0cd25f9c316bbe48;1;1;
14383901;2022-03-14T09:30:48.000Z;0xeff16cf134a5fa3b20d5dd7ebb91a2d32b375b79697972068ebfc6c111d43156;0x9b7461ebe56f28e9d9d5309391e55703f8453a740a6d629b6d15e004b1b01c45;331;634;5000000000000000;ERC721;Single;0xa3aee8bce55beea1951ef834b99f3ac60d1abeeb;1251;0x7e50878bd1c8472de0d465fe8635b8743b7c3076;0xc310e760778ecbca4c65b6c559874757a4c4ece0;1;1;
14383857;2022-03-14T09:21:42.000Z;0xd7a0a0214cef9a0946b9f0bbbb86fb1826da6b9f73514ac8c08dda5dff5fd1e8;0x579bd2e4064dc62ed9a731a74c896ccba54055eb06b98a13bd9dee57b316e31d;78;129;0;ERC721;Single;0xa3aee8bce55beea1951ef834b99f3ac60d1abeeb;1251;0xc310e760778ecbca4c65b6c559874757a4c4ece0;0x7e50878bd1c8472de0d465fe8635b8743b7c3076;1;1;
14383677;2022-03-14T08:37:26.000Z;0x7be865258c2929edc64f681eee52bd6130f18749cc36d683ebbb17466847e798;0x65125fcd3ea0124dd3e0e92adfb7ebdc003654f95f7e5357ed011eed630590cb;19;29;5000000000000000;ERC721;Single;0xa3aee8bce55beea1951ef834b99f3ac60d1abeeb;1251;0x7e50878bd1c8472de0d465fe8635b8743b7c3076;0xc310e760778ecbca4c65b6c559874757a4c4ece0;1;1;
14382562;2022-03-14T04:23:04.000Z;0x5ec4469dfce958d506daf334e2cdeec288987b10b1f0b2d4247ce1c447cca28f;0x9b13ba8072be8dec2b11238fbd474439790cff8bb13063414e78e4a3c995f742;115;314;0;ERC721;Single;0xa3aee8bce55beea1951ef834b99f3ac60d1abeeb;8925;0x27f8d0537b4d42c6ac65f095cb0e10fc3b1a6e7f;0x18a8fcb31a28312af38b7b74413dac9cc0526227;1;1;
14382015;2022-03-14T02:19:23.000Z;0x3c834594f045d9976f1bfc936925699e8e64c4d58ef37c9cd77eb54433edc9ec;0x2355b55b582e82b175237af930a191c3d8632d928c9e3ec53d7f5b86523dd7ea;233;529;15500000000000000000;ERC721;Single;0xa3aee8bce55beea1951ef834b99f3ac60d1abeeb;9003;0x9d6eb3920f4f6d38f9c08ba32316ad4038ae4038;0x972cf60ba1e161f10a6451cb8929472b4d21f55c;1;1;
14381793;2022-03-14T01:31:14.000Z;0x9166cd988ab36c32da7888dd61c7c6e0e3738ca77347c59bfded3e72b5436a17;0x622e5426a3029dab9815b55887f40f8eaeda6cdf8612f9253ac3c1b0170d300b;87;217;0;ERC721;Single;0xa3aee8bce55beea1951ef834b99f3ac60d1abeeb;7659;0xf31ef9ef01371b03e9f554a67989d441b668e07f;0x45e9d35f4fd7f6ff78eb81604fd7e7270dd38fb2;1;1;
14381703;2022-03-14T01:10:59.000Z;0x0031c99a9a1642f7ad7f3c0167553f84b30a533ab7cd1b86a7c0e2007e8676a0;0xba40c75307b001c32db260435b2ae3829c7fbaa0431d388b0ee611bd016d4a3b;158;399;13755000000000000000;ERC721;Single;0xa3aee8bce55beea1951ef834b99f3ac60d1abeeb;2193;0xc310e760778ecbca4c65b6c559874757a4c4ece0;0x6e3983cb8d486242e5baae4d09bb80897d941bda;1;1;
14381686;2022-03-14T01:07:14.000Z;0x9afef9611cb07bc277897c3e07375a51ca72ee65cc37f41d1c9cb5d966124fb9;0x00335644fed005033bee429552cebcadd2a84c6c31a38c73a3e3a80d5ab74ddf;235;134;5000000000000000;ERC721;Single;0xa3aee8bce55beea1951ef834b99f3ac60d1abeeb;2193;0x39daacdc097107cc8eabbcda0c28877f0de3a90e;0xc310e760778ecbca4c65b6c559874757a4c4ece0;1;1;
14381037;2022-03-13T22:36:06.000Z;0x7eed944bcaddf90f5fc8ea820f101bb5bbb281ec693581db5cc33e1430d06d7a;0xb56f249465412508bb701d909998b8a526077be6a434a894b15df68802c967a6;54;49;0;ERC721;Single;0xa3aee8bce55beea1951ef834b99f3ac60d1abeeb;88;0xc310e760778ecbca4c65b6c559874757a4c4ece0;0x905d13367f3bb940072a133c81563f1b1a6779ad;1;1;
14380906;2022-03-13T22:10:41.000Z;0x0ec6188bb41217e46d9e22ce2b275159688061f0e0bfd0fb166e1e844b5ea099;0x715623b9177154be77617574122affa6c766c2a15fd872cd7a6d96d10fa83934;18;61;5000000000000000;ERC721;Single;0xa3aee8bce55beea1951ef834b99f3ac60d1abeeb;88;0x905d13367f3bb940072a133c81563f1b1a6779ad;0xc310e760778ecbca4c65b6c559874757a4c4ece0;1;1;
14380524;2022-03-13T20:48:06.000Z;0x395ad2c8b783af0e921662fa39d5888c4718543e5d95a36fd34b3e15ddba74b6;0x38f9a1830a41808501c69865465519878f417d0b944873a4ae2b4415e59eeebe;93;129;0;ERC721;Single;0xa3aee8bce55beea1951ef834b99f3ac60d1abeeb;5234;0xbe5bf161662f321bc356e646c22dd571d9f7c909;0x51e2e84d032f4d053c349589954f55811c9d6b95;1;1;
14380497;2022-03-13T20:42:33.000Z;0x46227301f81e734863f1bc8f7626d33236ccc5349e94f3ec098035f75bf4906a;0x6ac226ee712f4d59359d5dc1a500bae2d5e6e295d3fe4378e3fc71c7ca163c5a;126;281;15000000000000000000;ERC721;Single;0xa3aee8bce55beea1951ef834b99f3ac60d1abeeb;5234;0x1779bf30b796dc0d45ce1cc8d2c3da9abcf57ee6;0xbe5bf161662f321bc356e646c22dd571d9f7c909;1;1;
14380385;2022-03-13T20:17:29.000Z;0x0ae22b65796159b2cf5e816b1fe83711682523d99b2c4d1076a6d2c9ccb82c31;0x5d7d5e959a5b508827af5b7c0fac50e4ee99543da7ecc0aa2d2b510e1c079a8b;251;570;0;ERC721;Single;0xa3aee8bce55beea1951ef834b99f3ac60d1abeeb;1876;0x1b020544d1090ac87d41a4e4ec0f16f41c3a8fd3;0xe471ba862dc0c5b86511fbf8054a45e60db924de;1;1;
14380158;2022-03-13T19:27:21.000Z;0xe06a1dfc3425866438b3c340f4d6ac412cef38ca1d881ca1cda4b6c2eea15b04;0xc7d51b00f1c3e8f081482d4c3b45c71d04e74ce74d3441504907c84692f56ed2;257;365;24850000000000000000;ERC721;Single;0xa3aee8bce55beea1951ef834b99f3ac60d1abeeb;681;0x9cb36e04ef5c066da4cb636c052b4291947251cd;0x2b2860d26e33e12559f0a6c6c7fae712cf6f8249;1;1;
14380057;2022-03-13T19:04:27.000Z;0xffd526269eb9655ac80b7dc64cbdf79f097db7f7dd15aa7188250d81212e5af4;0x6409be3623222aba1f775867d9d27222f96efabad08acfd21dd4f28e21059cdf;262;517;0;ERC721;Single;0xa3aee8bce55beea1951ef834b99f3ac60d1abeeb;9812;0x57ff41dd2a63b818a52f08a6338d56d9a256f4ac;0x209d93a50c0f302a38df9be8b0b20d55cf5e8218;1;1;
14379951;2022-03-13T18:42:29.000Z;0xabf11c0a2913779b0431d74dce52407179626a865018f950b920452404d105cf;0xd892facd7393b7321249b1dd108b4512f0c797287b1d89d602d0b18a5251a2fa;150;385;15000000000000000000;ERC721;Single;0xa3aee8bce55beea1951ef834b99f3ac60d1abeeb;1703;0x5629696344a4b579383720b5fd62859ab5571503;0x691c415200dc6bb0200856e9ed7c146411077fc0;1;1;
14379680;2022-03-13T17:42:12.000Z;0x32d526ab73f609a8069dffe57df71aff8a60c59eba6c2524918dab7bfb3914ec;0xf5b5850c60e63cc2c888eb2cbf33ffaf38b05e3658a0362dd5674311a9f9aa98;23;27;0;ERC721;Single;0xa3aee8bce55beea1951ef834b99f3ac60d1abeeb;5538;0x9cf66aa1b66451af723d355ab2c6429307ff0241;0xa8a12b9f7a903645c198b356bdff163bb6b6e083;1;1;
14379673;2022-03-13T17:40:53.000Z;0xbfb560165cd56ee8718a6fac9da23a21e3a31bf76118062cebdacd4abf4b4a2a;0x4172f80a1e3fd03e42834ccd8a37e746bb67a7af26ce5c243519d48e01af2310;76;166;0;ERC721;Single;0xa3aee8bce55beea1951ef834b99f3ac60d1abeeb;9313;0x9cf66aa1b66451af723d355ab2c6429307ff0241;0xa8a12b9f7a903645c198b356bdff163bb6b6e083;1;1;
14379643;2022-03-13T17:35:58.000Z;0x3dc68d975aebef69ff41bc041581b9a0175b95e24d5013c501e0729d2fe8599b;0x090bc1ff13f8d696b077d30f4ed2efc455fa49e67ef489bf2f26bc276207e22f;39;146;0;ERC721;Single;0xa3aee8bce55beea1951ef834b99f3ac60d1abeeb;7355;0x565c21b5d19205426cddf41f32fefd85ada3d791;0x531bccb40bf0ce7d970a2adba43b2d547d3d480b;1;1;
14379371;2022-03-13T16:34:29.000Z;0x2ff4135f955f42c7036f0ddfb4d428adce89a73e6edf230e8a06b86f27eee1fd;0x20f91b98e9af1711e41781fcf43782be7e1165149f4834cde4d39c7fd5cfb739;68;160;0;ERC721;Single;0xa3aee8bce55beea1951ef834b99f3ac60d1abeeb;1308;0xa87309f3b5096751d999b94c994f61d64183311d;0x526ed9d7bd5641ba7638fa0eebe8d22b8cb32304;1;1;
14377646;2022-03-13T10:00:09.000Z;0xc93b4902141ec122259be213f2684d9ed64eded11e4268d63be62beee55f1691;0x94797839dad445d06ea0296d4750ddb46c45cec9f261695a0bc911c4153bf295;101;230;14400000000000000000;ERC721;Single;0xa3aee8bce55beea1951ef834b99f3ac60d1abeeb;6408;0x4a8d54314d8d34dda2e9dad30944a9580c5c4899;0x680a013c8edba88a89e790ea0d1fc3ee994e3761;1;1;
14377439;2022-03-13T09:11:52.000Z;0xb30fd8e0ad12140c4563462f5beec2fc23ba9c3dc16ed7499a89716e4bd9a604;0xd187f8f37b7309284a8d6357e50425c401c32613867ea2be6512797e4e08a08e;188;281;14390000000000000000;ERC721;Single;0xa3aee8bce55beea1951ef834b99f3ac60d1abeeb;1605;0xd82bd233b9e1a75dee20dce1ba2441c93628c48b;0x37ef5b0a412cd864e368c53f77a0de4ac64b93f1;1;1;
14377205;2022-03-13T08:19:57.000Z;0xba80168335a7930f911517e0e1502fc1307f1a61906751abd3fb2023f868aa8f;0x875a085f2fea1acc68b0ff78dcedb0d35876667687cc997bea1a2fc6ae5cd3e2;22;90;0;ERC721;Single;0xa3aee8bce55beea1951ef834b99f3ac60d1abeeb;1605;0xe360c04256716d77a9b4c20ae95879b4c38a4aeb;0xd82bd233b9e1a75dee20dce1ba2441c93628c48b;1;1;
14376945;2022-03-13T07:18:22.000Z;0x25e46f6372a0f386536f6510676e7c5ce73261408c50f1a4bd977ec3021f9791;0x79b54b693047b67b34950748e8f7409ee96618a3f1d2929cca5d2ce29be7b398;41;72;17990000000000000000;ERC721;Single;0xa3aee8bce55beea1951ef834b99f3ac60d1abeeb;4553;0xf92bf6c34851abaf97446408b38f7a4a2c6073a3;0x180f752f1b3f3031a545d8d41069cab472322d84;1;1;
14376913;2022-03-13T07:12:19.000Z;0x697edaa070094d0615e3506729b6427436825b9f7132b81fedc8ccde946ae317;0xfd416f3a67de60bc77a3c5dc802c5db465961d0407eb21338fc0b1a0411c324d;37;26;17000000000000000000;ERC721;Single;0xa3aee8bce55beea1951ef834b99f3ac60d1abeeb;4563;0xec18dee817e8b9d45d06edbacc2ddec80ded426d;0x180f752f1b3f3031a545d8d41069cab472322d84;1;1;
14376680;2022-03-13T06:18:47.000Z;0xfd8b7810d642e38e374016b5d9941665a4f6667a95fdfb2154e92f22e236b569;0x4e1f2a0062ae63c7dbd5a4ec6fff9c4632f5989896ae3888a61c607a191d6b04;24;66;0;ERC721;Single;0xa3aee8bce55beea1951ef834b99f3ac60d1abeeb;9361;0x798a0f86e2e267130b814361c0853640af4e629a;0x01e3390fe6b384c817c007b5039107a3eeacaee4;1;1;
14376674;2022-03-13T06:17:21.000Z;0x5616825e6b4f6fcb66d3b28ca51ec52a2d9e63bb8c032d7c9e60774f03c6241a;0xd4c4800940d8b12a53d49fafe01f081006b7d95211570672777e28fdf1462571;54;98;0;ERC721;Single;0xa3aee8bce55beea1951ef834b99f3ac60d1abeeb;7612;0x798a0f86e2e267130b814361c0853640af4e629a;0x01e3390fe6b384c817c007b5039107a3eeacaee4;1;1;
14376666;2022-03-13T06:15:00.000Z;0x2e027df7fb7ee483dde9240b046e20e2226dd7a79eb0404dc166194bc4f4fa41;0x27a13b098cce36290c7ebeff27a410d9429ac0c7917486dabe5278aaa711b0ff;176;243;0;ERC721;Single;0xa3aee8bce55beea1951ef834b99f3ac60d1abeeb;4562;0x798a0f86e2e267130b814361c0853640af4e629a;0x01e3390fe6b384c817c007b5039107a3eeacaee4;1;1;
14376656;2022-03-13T06:13:10.000Z;0xefa420884f1c7e32789c11b9cf56998d5dad6ecc15bbf41d9e734fc8002ed775;0x3c21a2af717f8596ec30212f04a084d90c138a8433fca99dee08ab93dad6c1d3;70;108;0;ERC721;Single;0xa3aee8bce55beea1951ef834b99f3ac60d1abeeb;9403;0x798a0f86e2e267130b814361c0853640af4e629a;0x01e3390fe6b384c817c007b5039107a3eeacaee4;1;1;
14376311;2022-03-13T04:48:11.000Z;0x46cfdf29cbb054ff26618f0259389b5acc69f5cb4695320d340295358555fd2e;0xe8cc5a33c61fcd6c0f0e27b96dd8539d9b78c7c0485251465c9604c4f122a61b;157;347;0;ERC721;Single;0xa3aee8bce55beea1951ef834b99f3ac60d1abeeb;437;0x7a2848e79587aa05235f899840eef1308b1ba3da;0x4785e7af1bdba50522ab507c6f6990476c46834d;1;1;
14375930;2022-03-13T03:16:58.000Z;0x12b8ed324266e3d52f144865d0e6a693a89b836b3eda4a8b93608fbaa3415fa9;0x02571b1927d199603b0a3fad5954ce3aec656bf899d3bc5f601b4bd9d005df9f;72;128;0;ERC721;Single;0xa3aee8bce55beea1951ef834b99f3ac60d1abeeb;9812;0x209d93a50c0f302a38df9be8b0b20d55cf5e8218;0x57ff41dd2a63b818a52f08a6338d56d9a256f4ac;1;1;
14375755;2022-03-13T02:35:01.000Z;0x95c52a752df4d3052121dac421ea4c4fb9cbdb4a4159f51a60177c4a457bb30b;0xe92819ac27f23ee82b9f8432e65fe6fe73c84c6c0bf3c78b256afe4f3d50b2b2;84;198;14500000000000000000;ERC721;Single;0xa3aee8bce55beea1951ef834b99f3ac60d1abeeb;6426;0xf76ebe6341dd9dc880596ee1cccffb4938db14e3;0x3af65e3edeb4e8d88c249a8b4666d2f204c2f888;1;1;
14375694;2022-03-13T02:19:18.000Z;0x3b8949c257fde3c97eb7e8790685dac185a325109949a9220a067ae9020f77af;0x80db4b03e5a242520f6a47a14a76849f593db436a40e331ac80833c2c6d1a675;170;757;0;ERC721;Single;0xa3aee8bce55beea1951ef834b99f3ac60d1abeeb;1877;0xd28f0741ca2c14c7718d0e57ad03f5b7e986b2c3;0x7959aafbde7933776897349888589f488406a2fd;1;1;
14375127;2022-03-13T00:12:39.000Z;0xcb351bf098a6583bd0ccf37d51334d26c0a7fe99552f54ca515212eaaa99e72a;0xfee7e6e3d51c62c430a3b6a5fa3671b735a224a98df6638bf5b9b441f826867d;63;136;0;ERC721;Single;0xa3aee8bce55beea1951ef834b99f3ac60d1abeeb;7835;0xfc7c3e555c6846b9f40011aa0628f79687770669;0xd6294bb84e945810f5f4a4e936e20f607cd56586;1;1;
14375079;2022-03-13T00:02:47.000Z;0xd0aad8e99c155578836d1c3c56fbe7db832cd2a565bdb5c71bde811573b4e9b6;0x137d26308caf0b12194e5c0d8f01ea3f4f847e361d5305c0fd66106fa56ce0ec;172;404;0;ERC721;Single;0xa3aee8bce55beea1951ef834b99f3ac60d1abeeb;7835;0x7959aafbde7933776897349888589f488406a2fd;0xfc7c3e555c6846b9f40011aa0628f79687770669;1;1;
14374305;2022-03-12T21:13:06.000Z;0x79e26e627a0a1de2967f676dd65a3629841a0cff9b827cbed060565de5f0a3f8;0xe9e5e74cfb10545e1eb83ca7790277365b9c86e29e2e6aef2d5990194e941fa2;113;244;14000000000000000000;ERC721;Single;0xa3aee8bce55beea1951ef834b99f3ac60d1abeeb;6365;0x4a8d54314d8d34dda2e9dad30944a9580c5c4899;0xbb16685f9bb77e92bfaa7380a3fa9a4b59f57da4;1;1;
14374174;2022-03-12T20:43:27.000Z;0xcba9518c555cf03b8a60e7ed174011daeaba3cca0b2ac1cd3fac13893cb98f38;0x1ba84b22061bcb066eeaea2649209cb475c0d6ab09562e6b2d604580deff9ebb;96;179;0;ERC721;Single;0xa3aee8bce55beea1951ef834b99f3ac60d1abeeb;7035;0xadfc279091d9f3e28a0f35c562725d1f0cff7d79;0x5df78ceca805985916da96dfa3badb68626d1d82;1;1;
14374061;2022-03-12T20:17:57.000Z;0x22336266068ee77d2e59128f450018457bf7246a64e3b4de397f244d7e05d39e;0x3cf501981ffa5064da4791e59ab933bacd480e8e37a75e9a94578598d2b3b4a8;192;629;32000000000000000000;ERC721;Single;0xa3aee8bce55beea1951ef834b99f3ac60d1abeeb;7035;0x14c75461d953ddc02f208d3d911a6342473a2963;0xadfc279091d9f3e28a0f35c562725d1f0cff7d79;1;1;
14372304;2022-03-12T13:51:20.000Z;0x590232ed5b3a7f2a74e64d6f29d2183999132a4987f03a78d9c83a38e8b6917e;0x71bd3d78e36655c665453cde84b18e45760e6573a88bbcc73fe42d36db82891f;72;67;0;ERC721;Single;0xa3aee8bce55beea1951ef834b99f3ac60d1abeeb;1451;0xadb15c525c67d0fe8eb17ca6d63eb384b4f3f891;0xd93f6a27db46a66f849eceecea4658d524876c64;1;1;
14370568;2022-03-12T07:24:40.000Z;0xd9a300ffceb8a2808c011494b365e97bf95c4685c53ab15e64ba9c08574ff038;0x7dad39a06c360d12f3470a1df3c6811736719b64c879ba28ed6d647c0463eb90;100;194;0;ERC721;Single;0xa3aee8bce55beea1951ef834b99f3ac60d1abeeb;4892;0x7b753a2fd56526a54ed16b31b971bea42147c390;0x5ce274bf78c3b97dbb22a2ea3c71297fb9b78b5c;1;1;
14370568;2022-03-12T07:24:40.000Z;0xd9a300ffceb8a2808c011494b365e97bf95c4685c53ab15e64ba9c08574ff038;0x7dad39a06c360d12f3470a1df3c6811736719b64c879ba28ed6d647c0463eb90;100;192;0;ERC721;Single;0xa3aee8bce55beea1951ef834b99f3ac60d1abeeb;5783;0x7b753a2fd56526a54ed16b31b971bea42147c390;0x5ce274bf78c3b97dbb22a2ea3c71297fb9b78b5c;1;1;
14370568;2022-03-12T07:24:40.000Z;0xd9a300ffceb8a2808c011494b365e97bf95c4685c53ab15e64ba9c08574ff038;0x7dad39a06c360d12f3470a1df3c6811736719b64c879ba28ed6d647c0463eb90;100;190;0;ERC721;Single;0xa3aee8bce55beea1951ef834b99f3ac60d1abeeb;2035;0x7b753a2fd56526a54ed16b31b971bea42147c390;0x5ce274bf78c3b97dbb22a2ea3c71297fb9b78b5c;1;1;
14370493;2022-03-12T07:10:05.000Z;0x5c9ea7b23c4d5633ab779e7ddae64252bed5366675843ed5084437736b54e6a9;0xff15b97ef22004f3613f49f80bad53fc7e51f329896e48bf8447bef5665dca61;429;450;15850000000000000000;ERC721;Single;0xa3aee8bce55beea1951ef834b99f3ac60d1abeeb;4372;0x58ad6c51f2df0371e08f8df7b73b87a62a16dbb8;0xa69ae409810209a01ba5b5cb46e3cea026e6a4ef;1;1;
14370484;2022-03-12T07:08:35.000Z;0xe42bcf56e6e8388dd72ddaf069928b5b5c730cd7a638beb2737d7a4db9cc60a9;0x248a837146d871496925e76934ec14fbd6cbcd83cbd41bf6b59a436d8994477b;223;417;52800000000000000000;ERC721;Single;0xa3aee8bce55beea1951ef834b99f3ac60d1abeeb;3924;0x9d6eb3920f4f6d38f9c08ba32316ad4038ae4038;0x955a1a68613c028ea98b0b5dcc58901897eb90db;1;1;
14370344;2022-03-12T06:37:30.000Z;0xa4e27424c77692f59e988245e3cd39878eeafb3b6850ae3922eb69e3af5a966f;0xd44aa2d74e5fc8d0c78d48c248070ef00a4ddc76058c26aa50bb4c726f0fa013;62;119;0;ERC721;Single;0xa3aee8bce55beea1951ef834b99f3ac60d1abeeb;3019;0x8606192cb657344cd8610b2a8a88f737cf3bce6f;0x5ce274bf78c3b97dbb22a2ea3c71297fb9b78b5c;1;1;
14370344;2022-03-12T06:37:30.000Z;0xa4e27424c77692f59e988245e3cd39878eeafb3b6850ae3922eb69e3af5a966f;0xd44aa2d74e5fc8d0c78d48c248070ef00a4ddc76058c26aa50bb4c726f0fa013;62;117;0;ERC721;Single;0xa3aee8bce55beea1951ef834b99f3ac60d1abeeb;3043;0x8606192cb657344cd8610b2a8a88f737cf3bce6f;0x5ce274bf78c3b97dbb22a2ea3c71297fb9b78b5c;1;1;
14370344;2022-03-12T06:37:30.000Z;0xa4e27424c77692f59e988245e3cd39878eeafb3b6850ae3922eb69e3af5a966f;0xd44aa2d74e5fc8d0c78d48c248070ef00a4ddc76058c26aa50bb4c726f0fa013;62;115;0;ERC721;Single;0xa3aee8bce55beea1951ef834b99f3ac60d1abeeb;2986;0x8606192cb657344cd8610b2a8a88f737cf3bce6f;0x5ce274bf78c3b97dbb22a2ea3c71297fb9b78b5c;1;1;
14370338;2022-03-12T06:36:36.000Z;0x8d491dbde0018b0e72d9bc3421de58d8c1327593ce886a4ff81d95768f14295c;0x3e83befbf619d46516bfaf3ecf12bca7a952143eb85d3bad020a5fa130486c1f;20;25;0;ERC721;Single;0xa3aee8bce55beea1951ef834b99f3ac60d1abeeb;5645;0x8606192cb657344cd8610b2a8a88f737cf3bce6f;0x3e7c300d70c2e60843df0d3e22796a7f470f8587;1;1;
14369564;2022-03-12T03:31:37.000Z;0x4f2989355d5e8bfd9d23e83e479c8968586c0adb774dc944ee32cc65c7c950ea;0x9508fbc0d32abbf29acf6b4ee8fedc96b2f7242ff65e892f49f82ba18a6566f7;62;204;15490000000000000000;ERC721;Single;0xa3aee8bce55beea1951ef834b99f3ac60d1abeeb;4266;0x39daacdc097107cc8eabbcda0c28877f0de3a90e;0x955a1a68613c028ea98b0b5dcc58901897eb90db;1;1;
14369551;2022-03-12T03:28:56.000Z;0x8d4015c7033893d41042da70ef6a2afa70ee45cb6a78558ca38196def1e494a8;0x74fec7bfbf7975f5ad576d19c87ea9ca45818831850ce67c879093595a563e26;29;33;0;ERC721;Single;0xa3aee8bce55beea1951ef834b99f3ac60d1abeeb;3034;0x94cde44fca5b6637395878cf457118d6c57f05fd;0x77187c774927c56c4cabec79385f4c5186d74900;1;1;
14369180;2022-03-12T02:10:41.000Z;0x4b26f1f75d8f49fbd14bde50b3fd9e8d58f2c26b6ca6e56f25e7f62467eb6742;0x0f41fbe1c58c85891e8aff5e80c868d7fa7d4bafbe69acb331851bd275a0b94c;36;72;0;ERC721;Single;0xa3aee8bce55beea1951ef834b99f3ac60d1abeeb;2428;0x500cc49470041058a4c0182cd0918bc84c28c9af;0x500cc49470041058a4c0182cd0918bc84c28c9af;1;1;
14369162;2022-03-12T02:05:55.000Z;0xed84ca07815534630193157e210c1865ede147f881ba0f5baf886e6eeed1a59f;0xaabe99d9d1a73f578401b45372fb40104662154173325f928a0bc34bb02b8862;153;276;24000000000000000000;ERC721;Single;0xa3aee8bce55beea1951ef834b99f3ac60d1abeeb;2769;0x383062638dd6f71cdf72ba65c1806ce0c43ca982;0x517586dc440cd88df2ce313c18ccae0bcda83668;1;1;
14369059;2022-03-12T01:44:50.000Z;0x605fba2ca725bed37067c1dc02771f7f346ddf4cce8d971887560560572504da;0xe630d53fcd28bdcf02e125161cab6291c137549bb5b2d722942eb6b8c853185b;75;137;24000000000000000000;ERC721;Single;0xa3aee8bce55beea1951ef834b99f3ac60d1abeeb;2806;0x383062638dd6f71cdf72ba65c1806ce0c43ca982;0xed1917c5ee797cd2d885196a276cd93a9f9804ef;1;1;
14368932;2022-03-12T01:16:08.000Z;0x3646a31039477d410cf26c157931805346fa66038285a2459f01b2f618e16610;0x80505de5985a9e70db973a7839a52d737da615c632a98f4ab7339af0b0a6ede0;21;36;25755000000000000000;ERC721;Single;0xa3aee8bce55beea1951ef834b99f3ac60d1abeeb;2356;0xc310e760778ecbca4c65b6c559874757a4c4ece0;0x7e75cf49917cb8d3477876eaa6c2e6379091010f;1;1;
14368867;2022-03-12T01:03:06.000Z;0x7f98d9550a23a29ee937b27b73936609641a139134eaf391da2156e7b58bb788;0x7eb72d02372a5b15b4c64a29a6e0bff4354aad34538ebb68f6ad0e1b7bcd294c;140;209;5000000000000000;ERC721;Single;0xa3aee8bce55beea1951ef834b99f3ac60d1abeeb;2356;0xb13e7bdccc355838be26c567a9b06db3e49eb887;0xc310e760778ecbca4c65b6c559874757a4c4ece0;1;1;
14368461;2022-03-11T23:35:58.000Z;0x067dd60bc13fa71c5a7f0f39f4fa0e19ee666252a5421444c3391724de968ae1;0x7d2b562dcb29da4568954dc085569696d013ce91125477c3201dcaadb15a1f0b;142;304;24000000000000000000;ERC721;Single;0xa3aee8bce55beea1951ef834b99f3ac60d1abeeb;2808;0x383062638dd6f71cdf72ba65c1806ce0c43ca982;0x2c32d6c955879fb8c291e8080fa7dcaa3e13a744;1;1;
14368435;2022-03-11T23:31:39.000Z;0xaaab1fe7a7bf3e8f3212eeef562ec89eaefaf0953a20bba1692ca009bbe8250e;0x7b5f9be5c0bdc14fa99a3a2409279e90fb2b7fe52975d59334ca066b887a4b13;315;402;25000000000000000000;ERC721;Single;0xa3aee8bce55beea1951ef834b99f3ac60d1abeeb;2770;0x383062638dd6f71cdf72ba65c1806ce0c43ca982;0x9c29fe578e4f8dd4dbb01aeefc80d39a9afd7c9d;1;1;
14367075;2022-03-11T18:20:05.000Z;0xb1f2737a7bc33a911693045d8273ed37cddb28f65fb0443b84ad5defaf8597da;0x6855dc51b113b8d781827065c1d9ba151b4042e1e5c1424e57511b5d63f8d2ce;154;190;0;ERC721;Single;0xa3aee8bce55beea1951ef834b99f3ac60d1abeeb;3656;0xb47bf2478d795284a6843468357f1aa97a0eb3da;0x390b6c1eb275b4ed82a2da635d891674f18b8f11;1;1;
14367070;2022-03-11T18:18:49.000Z;0x868487c1c3e04fe56659d5bf8e7007b07d7355678605d25fe097c578fe42d5f9;0x557e8f1c9a89a81500b1990ba27609a52615b29f26457d8c779f6a751f8d2045;141;112;0;ERC721;Single;0xa3aee8bce55beea1951ef834b99f3ac60d1abeeb;3135;0xb47bf2478d795284a6843468357f1aa97a0eb3da;0x390b6c1eb275b4ed82a2da635d891674f18b8f11;1;1;
14367065;2022-03-11T18:18:06.000Z;0xba30c6df648bd5a42b680495ff9d4e087d4b3cad050b15a85a817f827ad2a29a;0x6d14b74907c0713fb9614699220eaa9d41426190434bd7ce78a2c7839b6aee46;26;51;0;ERC721;Single;0xa3aee8bce55beea1951ef834b99f3ac60d1abeeb;4223;0xb47bf2478d795284a6843468357f1aa97a0eb3da;0x390b6c1eb275b4ed82a2da635d891674f18b8f11;1;1;
14367059;2022-03-11T18:16:17.000Z;0xed80b883766174dd183b4387184655485bc94bd8577027ac76612225c24150ed;0x2c84af9c88924e54a166ee75481c817e665a149df03026ecaabf1a6ddb646a4c;70;68;0;ERC721;Single;0xa3aee8bce55beea1951ef834b99f3ac60d1abeeb;4303;0xb47bf2478d795284a6843468357f1aa97a0eb3da;0x390b6c1eb275b4ed82a2da635d891674f18b8f11;1;1;
14367028;2022-03-11T18:11:12.000Z;0x838a5eabbdbd3ba3252ba053cc21e4ec31a349bffd1c009f5024948908cf7ff3;0x8f4dd6589c84549c0858ce27dffe36eeb0fb779d4c38e952d83325b61307d45d;48;77;0;ERC721;Single;0xa3aee8bce55beea1951ef834b99f3ac60d1abeeb;2378;0x2ec3d485ae98f4388bd4d50d79c4a99027b4b246;0x2ec3d485ae98f4388bd4d50d79c4a99027b4b246;1;1;
14366672;2022-03-11T16:45:41.000Z;0xa9a069431bd54e6040845c93ec486af506901aa0c9ea378e499d3cb513c9d1d7;0xabdf73e5a0ae678d2ed77c0bd4016c7670678acfa0a0b21c11d006cb2af591b6;345;688;18000000000000000000;ERC721;Single;0xa3aee8bce55beea1951ef834b99f3ac60d1abeeb;2378;0x9c29fe578e4f8dd4dbb01aeefc80d39a9afd7c9d;0x2ec3d485ae98f4388bd4d50d79c4a99027b4b246;1;1;
14366353;2022-03-11T15:31:32.000Z;0xfc357d8a4a4f824d4ccbe37d25dddbd112685adfcfbcbd3644a1319b61f39254;0xf45094f7ab90024ed41448f122fdba094332f6cc3513adfbc1de72034975fb8f;125;222;0;ERC721;Single;0xa3aee8bce55beea1951ef834b99f3ac60d1abeeb;10000;0xe5798a530bb7105e148d38ac884f05c28ed8e804;0x167df4dde033db30fa95ed6944045be0f42aa7bc;1;1;
14365965;2022-03-11T14:05:07.000Z;0xce0e0f2dd4165cb85ff7aa54a6b920a8f1e6362597f7f360185bdcc65658aea6;0xf2a6f42b2738b730c965b62cbfbfa34822d514c1546c4e1482efcad449530217;285;425;14690000000000000000;ERC721;Single;0xa3aee8bce55beea1951ef834b99f3ac60d1abeeb;5392;0x65e7ea0df904529bcdf726b9a8c651fba4fa1a06;0x75d0e037fff7ba50c5c296a55ebb822b3ddd7ba5;1;1;
14365627;2022-03-11T12:47:42.000Z;0x7a2e7a708963188660c9613fe604e632e4e32fe1e4d313128eddfb9efd92e2e2;0x71ebfd10b12989a4ae6ce57250f5331d3de851f312ee0ab15a73e289eed805f9;23;72;15500000000000000000;ERC721;Single;0xa3aee8bce55beea1951ef834b99f3ac60d1abeeb;1760;0x7e75cf49917cb8d3477876eaa6c2e6379091010f;0x371b32d48c7158c20fe4c51e33f46e9aa7de35de;1;1;